player_id	player_full_name	team_id	season_id	image_url
1629639	Tyler Herro	1610612748	2021	https://ak-static.cms.nba.com/wp-content/uploads/headshots/nba/1610612748/2021/260x190/1629639.png
203991	Clint Capela	1610612737	2021	https://ak-static.cms.nba.com/wp-content/uploads/headshots/nba/1610612737/2021/260x190/203991.png
1628425	Sterling Brown	1610612742	2021	https://ak-static.cms.nba.com/wp-content/uploads/headshots/nba/1610612742/2021/260x190/1628425.png
1630567	Scottie Barnes	1610612761	2021	https://ak-static.cms.nba.com/wp-content/uploads/headshots/nba/1610612761/2021/260x190/1630567.png
203915	Spencer Dinwiddie	1610612764	2021	https://ak-static.cms.nba.com/wp-content/uploads/headshots/nba/1610612764/2021/260x190/203915.png
1628370	Malik Monk	1610612747	2021	https://ak-static.cms.nba.com/wp-content/uploads/headshots/nba/1610612747/2021/260x190/1628370.png
202711	Bojan Bogdanovic	1610612762	2021	https://ak-static.cms.nba.com/wp-content/uploads/headshots/nba/1610612762/2021/260x190/202711.png
1629622	Max Strus	1610612748	2021	https://ak-static.cms.nba.com/wp-content/uploads/headshots/nba/1610612748/2021/260x190/1629622.png
1628991	Jaren Jackson Jr.	1610612763	2021	https://ak-static.cms.nba.com/wp-content/uploads/headshots/nba/1610612763/2021/260x190/1628991.png
1627751	Jakob Poeltl	1610612759	2021	https://ak-static.cms.nba.com/wp-content/uploads/headshots/nba/1610612759/2021/260x190/1627751.png
203954	Joel Embiid	1610612755	2021	https://ak-static.cms.nba.com/wp-content/uploads/headshots/nba/1610612755/2021/260x190/203954.png
1629003	Shake Milton	1610612755	2021	https://ak-static.cms.nba.com/wp-content/uploads/headshots/nba/1610612755/2021/260x190/1629003.png
1629006	Josh Okogie	1610612750	2021	https://ak-static.cms.nba.com/wp-content/uploads/headshots/nba/1610612750/2021/260x190/1629006.png
203078	Bradley Beal	1610612764	2021	https://ak-static.cms.nba.com/wp-content/uploads/headshots/nba/1610612764/2021/260x190/203078.png
202331	Paul George	1610612746	2021	https://ak-static.cms.nba.com/wp-content/uploads/headshots/nba/1610612746/2021/260x190/202331.png
1628467	Maxi Kleber	1610612742	2021	https://ak-static.cms.nba.com/wp-content/uploads/headshots/nba/1610612742/2021/260x190/1628467.png
1627780	Gary Payton II	1610612744	2021	https://ak-static.cms.nba.com/wp-content/uploads/headshots/nba/1610612744/2021/260x190/1627780.png
1628998	Cody Martin	1610612766	2021	https://ak-static.cms.nba.com/wp-content/uploads/headshots/nba/1610612766/2021/260x190/1628998.png
203937	Kyle Anderson	1610612763	2021	https://ak-static.cms.nba.com/wp-content/uploads/headshots/nba/1610612763/2021/260x190/203937.png
202709	Cory Joseph	1610612765	2021	https://ak-static.cms.nba.com/wp-content/uploads/headshots/nba/1610612765/2021/260x190/202709.png
200782	P.J. Tucker	1610612748	2021	https://ak-static.cms.nba.com/wp-content/uploads/headshots/nba/1610612748/2021/260x190/200782.png
1629216	Gabe Vincent	1610612748	2021	https://ak-static.cms.nba.com/wp-content/uploads/headshots/nba/1610612748/2021/260x190/1629216.png
1630591	Jalen Suggs	1610612753	2021	https://ak-static.cms.nba.com/wp-content/uploads/headshots/nba/1610612753/2021/260x190/1630591.png
201145	Jeff Green	1610612743	2021	https://ak-static.cms.nba.com/wp-content/uploads/headshots/nba/1610612743/2021/260x190/201145.png
1629647	Darius Bazley	1610612760	2021	https://ak-static.cms.nba.com/wp-content/uploads/headshots/nba/1610612760/2021/260x190/1629647.png
1630173	Precious Achiuwa	1610612761	2021	https://ak-static.cms.nba.com/wp-content/uploads/headshots/nba/1610612761/2021/260x190/1630173.png
1626195	Willy Hernangomez	1610612740	2021	https://ak-static.cms.nba.com/wp-content/uploads/headshots/nba/1610612740/2021/260x190/1626195.png
1629659	Talen Horton-Tucker	1610612747	2021	https://ak-static.cms.nba.com/wp-content/uploads/headshots/nba/1610612747/2021/260x190/1629659.png
1627832	Fred VanVleet	1610612761	2021	https://ak-static.cms.nba.com/wp-content/uploads/headshots/nba/1610612761/2021/260x190/1627832.png
203200	Justin Holiday	1610612754	2021	https://ak-static.cms.nba.com/wp-content/uploads/headshots/nba/1610612754/2021/260x190/203200.png
1630165	Killian Hayes	1610612765	2021	https://ak-static.cms.nba.com/wp-content/uploads/headshots/nba/1610612765/2021/260x190/1630165.png
1628369	Jayson Tatum	1610612738	2021	https://ak-static.cms.nba.com/wp-content/uploads/headshots/nba/1610612738/2021/260x190/1628369.png
1629652	Luguentz Dort	1610612760	2021	https://ak-static.cms.nba.com/wp-content/uploads/headshots/nba/1610612760/2021/260x190/1629652.png
1629611	Terance Mann	1610612746	2021	https://ak-static.cms.nba.com/wp-content/uploads/headshots/nba/1610612746/2021/260x190/1629611.png
1629731	Dean Wade	1610612739	2021	https://ak-static.cms.nba.com/wp-content/uploads/headshots/nba/1610612739/2021/260x190/1629731.png
1626220	Royce O'Neale	1610612762	2021	https://ak-static.cms.nba.com/wp-content/uploads/headshots/nba/1610612762/2021/260x190/1626220.png
203501	Tim Hardaway Jr.	1610612742	2021	https://ak-static.cms.nba.com/wp-content/uploads/headshots/nba/1610612742/2021/260x190/203501.png
203107	Tomas Satoransky	1610612740	2021	https://ak-static.cms.nba.com/wp-content/uploads/headshots/nba/1610612740/2021/260x190/203107.png
1627827	Dorian Finney-Smith	1610612742	2021	https://ak-static.cms.nba.com/wp-content/uploads/headshots/nba/1610612742/2021/260x190/1627827.png
1630267	Facundo Campazzo	1610612743	2021	https://ak-static.cms.nba.com/wp-content/uploads/headshots/nba/1610612743/2021/260x190/1630267.png
203469	Cody Zeller	1610612757	2021	https://ak-static.cms.nba.com/wp-content/uploads/headshots/nba/1610612757/2021/260x190/203469.png
203473	Dewayne Dedmon	1610612748	2021	https://ak-static.cms.nba.com/wp-content/uploads/headshots/nba/1610612748/2021/260x190/203473.png
1628368	De'Aaron Fox	1610612758	2021	https://ak-static.cms.nba.com/wp-content/uploads/headshots/nba/1610612758/2021/260x190/1628368.png
1628966	Keita Bates-Diop	1610612759	2021	https://ak-static.cms.nba.com/wp-content/uploads/headshots/nba/1610612759/2021/260x190/1628966.png
1626163	Frank Kaminsky	1610612756	2021	https://ak-static.cms.nba.com/wp-content/uploads/headshots/nba/1610612756/2021/260x190/1626163.png
1628464	Daniel Theis	1610612745	2021	https://ak-static.cms.nba.com/wp-content/uploads/headshots/nba/1610612745/2021/260x190/1628464.png
203897	Zach LaVine	1610612741	2021	https://ak-static.cms.nba.com/wp-content/uploads/headshots/nba/1610612741/2021/260x190/203897.png
1626224	Cedi Osman	1610612739	2021	https://ak-static.cms.nba.com/wp-content/uploads/headshots/nba/1610612739/2021/260x190/1626224.png
1628415	Dillon Brooks	1610612763	2021	https://ak-static.cms.nba.com/wp-content/uploads/headshots/nba/1610612763/2021/260x190/1628415.png
1630217	Desmond Bane	1610612763	2021	https://ak-static.cms.nba.com/wp-content/uploads/headshots/nba/1610612763/2021/260x190/1630217.png
1630256	Jae'Sean Tate	1610612745	2021	https://ak-static.cms.nba.com/wp-content/uploads/headshots/nba/1610612745/2021/260x190/1630256.png
1630568	Luka Garza	1610612765	2021	https://ak-static.cms.nba.com/wp-content/uploads/headshots/nba/1610612765/2021/260x190/1630568.png
1628997	Caleb Martin	1610612748	2021	https://ak-static.cms.nba.com/wp-content/uploads/headshots/nba/1610612748/2021/260x190/1628997.png
1629022	Lonnie Walker IV	1610612759	2021	https://ak-static.cms.nba.com/wp-content/uploads/headshots/nba/1610612759/2021/260x190/1629022.png
201959	Taj Gibson	1610612752	2021	https://ak-static.cms.nba.com/wp-content/uploads/headshots/nba/1610612752/2021/260x190/201959.png
200768	Kyle Lowry	1610612748	2021	https://ak-static.cms.nba.com/wp-content/uploads/headshots/nba/1610612748/2021/260x190/200768.png
202722	Davis Bertans	1610612764	2021	https://ak-static.cms.nba.com/wp-content/uploads/headshots/nba/1610612764/2021/260x190/202722.png
202685	Jonas Valanciunas	1610612740	2021	https://ak-static.cms.nba.com/wp-content/uploads/headshots/nba/1610612740/2021/260x190/202685.png
202324	Derrick Favors	1610612760	2021	https://ak-static.cms.nba.com/wp-content/uploads/headshots/nba/1610612760/2021/260x190/202324.png
200746	LaMarcus Aldridge	1610612751	2021	https://ak-static.cms.nba.com/wp-content/uploads/headshots/nba/1610612751/2021/260x190/200746.png
1629680	Matisse Thybulle	1610612755	2021	https://ak-static.cms.nba.com/wp-content/uploads/headshots/nba/1610612755/2021/260x190/1629680.png
1630169	Tyrese Haliburton	1610612758	2021	https://ak-static.cms.nba.com/wp-content/uploads/headshots/nba/1610612758/2021/260x190/1630169.png
1630537	Chris Duarte	1610612754	2021	https://ak-static.cms.nba.com/wp-content/uploads/headshots/nba/1610612754/2021/260x190/1630537.png
201577	Robin Lopez	1610612753	2021	https://ak-static.cms.nba.com/wp-content/uploads/headshots/nba/1610612753/2021/260x190/201577.png
1629631	De'Andre Hunter	1610612737	2021	https://ak-static.cms.nba.com/wp-content/uploads/headshots/nba/1610612737/2021/260x190/1629631.png
1628960	Grayson Allen	1610612749	2021	https://ak-static.cms.nba.com/wp-content/uploads/headshots/nba/1610612749/2021/260x190/1628960.png
1630180	Saddiq Bey	1610612765	2021	https://ak-static.cms.nba.com/wp-content/uploads/headshots/nba/1610612765/2021/260x190/1630180.png
1627936	Alex Caruso	1610612741	2021	https://ak-static.cms.nba.com/wp-content/uploads/headshots/nba/1610612741/2021/260x190/1627936.png
201950	Jrue Holiday	1610612749	2021	https://ak-static.cms.nba.com/wp-content/uploads/headshots/nba/1610612749/2021/260x190/201950.png
201569	Eric Gordon	1610612745	2021	https://ak-static.cms.nba.com/wp-content/uploads/headshots/nba/1610612745/2021/260x190/201569.png
201566	Russell Westbrook	1610612747	2021	https://ak-static.cms.nba.com/wp-content/uploads/headshots/nba/1610612747/2021/260x190/201566.png
202066	Garrett Temple	1610612740	2021	https://ak-static.cms.nba.com/wp-content/uploads/headshots/nba/1610612740/2021/260x190/202066.png
201942	DeMar DeRozan	1610612741	2021	https://ak-static.cms.nba.com/wp-content/uploads/headshots/nba/1610612741/2021/260x190/201942.png
1630199	Cassius Stanley	1610612765	2021	https://ak-static.cms.nba.com/wp-content/uploads/headshots/nba/1610612765/2021/260x190/1630199.png
1627777	Georges Niang	1610612755	2021	https://ak-static.cms.nba.com/wp-content/uploads/headshots/nba/1610612755/2021/260x190/1627777.png
201588	George Hill	1610612749	2021	https://ak-static.cms.nba.com/wp-content/uploads/headshots/nba/1610612749/2021/260x190/201588.png
1628401	Derrick White	1610612759	2021	https://ak-static.cms.nba.com/wp-content/uploads/headshots/nba/1610612759/2021/260x190/1628401.png
202689	Kemba Walker	1610612752	2021	https://ak-static.cms.nba.com/wp-content/uploads/headshots/nba/1610612752/2021/260x190/202689.png
203084	Harrison Barnes	1610612758	2021	https://ak-static.cms.nba.com/wp-content/uploads/headshots/nba/1610612758/2021/260x190/203084.png
203497	Rudy Gobert	1610612762	2021	https://ak-static.cms.nba.com/wp-content/uploads/headshots/nba/1610612762/2021/260x190/203497.png
1629685	Dylan Windler	1610612739	2021	https://ak-static.cms.nba.com/wp-content/uploads/headshots/nba/1610612739/2021/260x190/1629685.png
1626169	Stanley Johnson	1610612747	2021	https://ak-static.cms.nba.com/wp-content/uploads/headshots/nba/1610612747/2021/260x190/1626169.png
1627788	Furkan Korkmaz	1610612755	2021	https://ak-static.cms.nba.com/wp-content/uploads/headshots/nba/1610612755/2021/260x190/1627788.png
203458	Alex Len	1610612758	2021	https://ak-static.cms.nba.com/wp-content/uploads/headshots/nba/1610612758/2021/260x190/203458.png
202694	Marcus Morris Sr.	1610612746	2021	https://ak-static.cms.nba.com/wp-content/uploads/headshots/nba/1610612746/2021/260x190/202694.png
202357	Nemanja Bjelica	1610612744	2021	https://ak-static.cms.nba.com/wp-content/uploads/headshots/nba/1610612744/2021/260x190/202357.png
1629020	Jarred Vanderbilt	1610612750	2021	https://ak-static.cms.nba.com/wp-content/uploads/headshots/nba/1610612750/2021/260x190/1629020.png
1628988	Aaron Holiday	1610612764	2021	https://ak-static.cms.nba.com/wp-content/uploads/headshots/nba/1610612764/2021/260x190/1628988.png
203486	Mason Plumlee	1610612766	2021	https://ak-static.cms.nba.com/wp-content/uploads/headshots/nba/1610612766/2021/260x190/203486.png
1630224	Jalen Green	1610612745	2021	https://ak-static.cms.nba.com/wp-content/uploads/headshots/nba/1610612745/2021/260x190/1630224.png
201143	Al Horford	1610612738	2021	https://ak-static.cms.nba.com/wp-content/uploads/headshots/nba/1610612738/2021/260x190/201143.png
203490	Otto Porter Jr.	1610612744	2021	https://ak-static.cms.nba.com/wp-content/uploads/headshots/nba/1610612744/2021/260x190/203490.png
1629640	Keldon Johnson	1610612759	2021	https://ak-static.cms.nba.com/wp-content/uploads/headshots/nba/1610612759/2021/260x190/1629640.png
202699	Tobias Harris	1610612755	2021	https://ak-static.cms.nba.com/wp-content/uploads/headshots/nba/1610612755/2021/260x190/202699.png
1627826	Ivica Zubac	1610612746	2021	https://ak-static.cms.nba.com/wp-content/uploads/headshots/nba/1610612746/2021/260x190/1627826.png
1629023	P.J. Washington	1610612766	2021	https://ak-static.cms.nba.com/wp-content/uploads/headshots/nba/1610612766/2021/260x190/1629023.png
201586	Serge Ibaka	1610612746	2021	https://ak-static.cms.nba.com/wp-content/uploads/headshots/nba/1610612746/2021/260x190/201586.png
1627761	DeAndre' Bembry	1610612751	2021	https://ak-static.cms.nba.com/wp-content/uploads/headshots/nba/1610612751/2021/260x190/1627761.png
1626158	Richaun Holmes	1610612758	2021	https://ak-static.cms.nba.com/wp-content/uploads/headshots/nba/1610612758/2021/260x190/1626158.png
203952	Andrew Wiggins	1610612744	2021	https://ak-static.cms.nba.com/wp-content/uploads/headshots/nba/1610612744/2021/260x190/203952.png
201937	Ricky Rubio	1610612739	2021	https://ak-static.cms.nba.com/wp-content/uploads/headshots/nba/1610612739/2021/260x190/201937.png
201599	DeAndre Jordan	1610612747	2021	https://ak-static.cms.nba.com/wp-content/uploads/headshots/nba/1610612747/2021/260x190/201599.png
1630544	Tre Mann	1610612760	2021	https://ak-static.cms.nba.com/wp-content/uploads/headshots/nba/1610612760/2021/260x190/1630544.png
1628975	Jevon Carter	1610612751	2021	https://ak-static.cms.nba.com/wp-content/uploads/headshots/nba/1610612751/2021/260x190/1628975.png
1630595	Cade Cunningham	1610612765	2021	https://ak-static.cms.nba.com/wp-content/uploads/headshots/nba/1610612765/2021/260x190/1630595.png
1630560	Cam Thomas	1610612751	2021	https://ak-static.cms.nba.com/wp-content/uploads/headshots/nba/1610612751/2021/260x190/1630560.png
1629029	Luka Doncic	1610612742	2021	https://ak-static.cms.nba.com/wp-content/uploads/headshots/nba/1610612742/2021/260x190/1629029.png
1629633	Jarrett Culver	1610612763	2021	https://ak-static.cms.nba.com/wp-content/uploads/headshots/nba/1610612763/2021/260x190/1629633.png
201949	James Johnson	1610612751	2021	https://ak-static.cms.nba.com/wp-content/uploads/headshots/nba/1610612751/2021/260x190/201949.png
1628367	Josh Jackson	1610612765	2021	https://ak-static.cms.nba.com/wp-content/uploads/headshots/nba/1610612765/2021/260x190/1628367.png
202330	Gordon Hayward	1610612766	2021	https://ak-static.cms.nba.com/wp-content/uploads/headshots/nba/1610612766/2021/260x190/202330.png
203095	Evan Fournier	1610612752	2021	https://ak-static.cms.nba.com/wp-content/uploads/headshots/nba/1610612752/2021/260x190/203095.png
203939	Dwight Powell	1610612742	2021	https://ak-static.cms.nba.com/wp-content/uploads/headshots/nba/1610612742/2021/260x190/203939.png
1627789	Timothe Luwawu-Cabarrot	1610612737	2021	https://ak-static.cms.nba.com/wp-content/uploads/headshots/nba/1610612737/2021/260x190/1627789.png
1629001	De'Anthony Melton	1610612763	2021	https://ak-static.cms.nba.com/wp-content/uploads/headshots/nba/1610612763/2021/260x190/1629001.png
1630191	Isaiah Stewart	1610612765	2021	https://ak-static.cms.nba.com/wp-content/uploads/headshots/nba/1610612765/2021/260x190/1630191.png
203932	Aaron Gordon	1610612743	2021	https://ak-static.cms.nba.com/wp-content/uploads/headshots/nba/1610612743/2021/260x190/203932.png
1628983	Shai Gilgeous-Alexander	1610612760	2021	https://ak-static.cms.nba.com/wp-content/uploads/headshots/nba/1610612760/2021/260x190/1628983.png
1628970	Miles Bridges	1610612766	2021	https://ak-static.cms.nba.com/wp-content/uploads/headshots/nba/1610612766/2021/260x190/1628970.png
1630529	Herbert Jones	1610612740	2021	https://ak-static.cms.nba.com/wp-content/uploads/headshots/nba/1610612740/2021/260x190/1630529.png
1627884	Derrick Jones Jr.	1610612741	2021	https://ak-static.cms.nba.com/wp-content/uploads/headshots/nba/1610612741/2021/260x190/1627884.png
200752	Rudy Gay	1610612762	2021	https://ak-static.cms.nba.com/wp-content/uploads/headshots/nba/1610612762/2021/260x190/200752.png
1629755	Hassani Gravett	1610612753	2021	https://ak-static.cms.nba.com/wp-content/uploads/headshots/nba/1610612753/2021/260x190/1629755.png
201565	Derrick Rose	1610612752	2021	https://ak-static.cms.nba.com/wp-content/uploads/headshots/nba/1610612752/2021/260x190/201565.png
1630583	Santi Aldama	1610612763	2021	https://ak-static.cms.nba.com/wp-content/uploads/headshots/nba/1610612763/2021/260x190/1630583.png
1626161	Willie Cauley-Stein	1610612742	2021	https://ak-static.cms.nba.com/wp-content/uploads/headshots/nba/1610612742/2021/260x190/1626161.png
203493	Reggie Bullock	1610612742	2021	https://ak-static.cms.nba.com/wp-content/uploads/headshots/nba/1610612742/2021/260x190/203493.png
1628404	Josh Hart	1610612740	2021	https://ak-static.cms.nba.com/wp-content/uploads/headshots/nba/1610612740/2021/260x190/1628404.png
1630163	LaMelo Ball	1610612766	2021	https://ak-static.cms.nba.com/wp-content/uploads/headshots/nba/1610612766/2021/260x190/1630163.png
1629643	Chuma Okeke	1610612753	2021	https://ak-static.cms.nba.com/wp-content/uploads/headshots/nba/1610612753/2021/260x190/1629643.png
203488	Mike Muscala	1610612760	2021	https://ak-static.cms.nba.com/wp-content/uploads/headshots/nba/1610612760/2021/260x190/203488.png
1628969	Mikal Bridges	1610612756	2021	https://ak-static.cms.nba.com/wp-content/uploads/headshots/nba/1610612756/2021/260x190/1628969.png
201980	Danny Green	1610612755	2021	https://ak-static.cms.nba.com/wp-content/uploads/headshots/nba/1610612755/2021/260x190/201980.png
1628973	Jalen Brunson	1610612742	2021	https://ak-static.cms.nba.com/wp-content/uploads/headshots/nba/1610612742/2021/260x190/1628973.png
1629750	Javonte Green	1610612741	2021	https://ak-static.cms.nba.com/wp-content/uploads/headshots/nba/1610612741/2021/260x190/1629750.png
1627747	Caris LeVert	1610612754	2021	https://ak-static.cms.nba.com/wp-content/uploads/headshots/nba/1610612754/2021/260x190/1627747.png
1630208	Nick Richards	1610612766	2021	https://ak-static.cms.nba.com/wp-content/uploads/headshots/nba/1610612766/2021/260x190/1630208.png
1628366	Lonzo Ball	1610612741	2021	https://ak-static.cms.nba.com/wp-content/uploads/headshots/nba/1610612741/2021/260x190/1628366.png
201988	Patty Mills	1610612751	2021	https://ak-static.cms.nba.com/wp-content/uploads/headshots/nba/1610612751/2021/260x190/201988.png
2738	Andre Iguodala	1610612744	2021	https://ak-static.cms.nba.com/wp-content/uploads/headshots/nba/1610612744/2021/260x190/2738.png
1629028	Deandre Ayton	1610612756	2021	https://ak-static.cms.nba.com/wp-content/uploads/headshots/nba/1610612756/2021/260x190/1629028.png
1630581	Josh Giddey	1610612760	2021	https://ak-static.cms.nba.com/wp-content/uploads/headshots/nba/1610612760/2021/260x190/1630581.png
1629632	Coby White	1610612741	2021	https://ak-static.cms.nba.com/wp-content/uploads/headshots/nba/1610612741/2021/260x190/1629632.png
2730	Dwight Howard	1610612747	2021	https://ak-static.cms.nba.com/wp-content/uploads/headshots/nba/1610612747/2021/260x190/2730.png
1629008	Michael Porter Jr.	1610612743	2021	https://ak-static.cms.nba.com/wp-content/uploads/headshots/nba/1610612743/2021/260x190/1629008.png
1629004	Svi Mykhailiuk	1610612761	2021	https://ak-static.cms.nba.com/wp-content/uploads/headshots/nba/1610612761/2021/260x190/1629004.png
1628374	Lauri Markkanen	1610612739	2021	https://ak-static.cms.nba.com/wp-content/uploads/headshots/nba/1610612739/2021/260x190/1628374.png
203920	Khem Birch	1610612761	2021	https://ak-static.cms.nba.com/wp-content/uploads/headshots/nba/1610612761/2021/260x190/203920.png
1629057	Robert Williams III	1610612738	2021	https://ak-static.cms.nba.com/wp-content/uploads/headshots/nba/1610612738/2021/260x190/1629057.png
1630178	Tyrese Maxey	1610612755	2021	https://ak-static.cms.nba.com/wp-content/uploads/headshots/nba/1610612755/2021/260x190/1630178.png
101108	Chris Paul	1610612756	2021	https://ak-static.cms.nba.com/wp-content/uploads/headshots/nba/1610612756/2021/260x190/101108.png
1626157	Karl-Anthony Towns	1610612750	2021	https://ak-static.cms.nba.com/wp-content/uploads/headshots/nba/1610612750/2021/260x190/1626157.png
201976	Patrick Beverley	1610612750	2021	https://ak-static.cms.nba.com/wp-content/uploads/headshots/nba/1610612750/2021/260x190/201976.png
1626162	Kelly Oubre Jr.	1610612766	2021	https://ak-static.cms.nba.com/wp-content/uploads/headshots/nba/1610612766/2021/260x190/1626162.png
202355	Hassan Whiteside	1610612762	2021	https://ak-static.cms.nba.com/wp-content/uploads/headshots/nba/1610612762/2021/260x190/202355.png
1628378	Donovan Mitchell	1610612762	2021	https://ak-static.cms.nba.com/wp-content/uploads/headshots/nba/1610612762/2021/260x190/1628378.png
202684	Tristan Thompson	1610612758	2021	https://ak-static.cms.nba.com/wp-content/uploads/headshots/nba/1610612758/2021/260x190/202684.png
1626174	Christian Wood	1610612745	2021	https://ak-static.cms.nba.com/wp-content/uploads/headshots/nba/1610612745/2021/260x190/1626174.png
1629661	Cameron Johnson	1610612756	2021	https://ak-static.cms.nba.com/wp-content/uploads/headshots/nba/1610612756/2021/260x190/1629661.png
1629673	Jordan Poole	1610612744	2021	https://ak-static.cms.nba.com/wp-content/uploads/headshots/nba/1610612744/2021/260x190/1629673.png
203944	Julius Randle	1610612752	2021	https://ak-static.cms.nba.com/wp-content/uploads/headshots/nba/1610612752/2021/260x190/203944.png
1628373	Frank Ntilikina	1610612742	2021	https://ak-static.cms.nba.com/wp-content/uploads/headshots/nba/1610612742/2021/260x190/1628373.png
203114	Khris Middleton	1610612749	2021	https://ak-static.cms.nba.com/wp-content/uploads/headshots/nba/1610612749/2021/260x190/203114.png
1629638	Nickeil Alexander-Walker	1610612740	2021	https://ak-static.cms.nba.com/wp-content/uploads/headshots/nba/1610612740/2021/260x190/1629638.png
1627749	Dejounte Murray	1610612759	2021	https://ak-static.cms.nba.com/wp-content/uploads/headshots/nba/1610612759/2021/260x190/1627749.png
203552	Seth Curry	1610612755	2021	https://ak-static.cms.nba.com/wp-content/uploads/headshots/nba/1610612755/2021/260x190/203552.png
1626181	Norman Powell	1610612757	2021	https://ak-static.cms.nba.com/wp-content/uploads/headshots/nba/1610612757/2021/260x190/1626181.png
1630166	Deni Avdija	1610612764	2021	https://ak-static.cms.nba.com/wp-content/uploads/headshots/nba/1610612764/2021/260x190/1630166.png
1628449	Chris Boucher	1610612761	2021	https://ak-static.cms.nba.com/wp-content/uploads/headshots/nba/1610612761/2021/260x190/1628449.png
201568	Danilo Gallinari	1610612737	2021	https://ak-static.cms.nba.com/wp-content/uploads/headshots/nba/1610612737/2021/260x190/201568.png
1628964	Mo Bamba	1610612753	2021	https://ak-static.cms.nba.com/wp-content/uploads/headshots/nba/1610612753/2021/260x190/1628964.png
202334	Ed Davis	1610612739	2021	https://ak-static.cms.nba.com/wp-content/uploads/headshots/nba/1610612739/2021/260x190/202334.png
1627745	Damian Jones	1610612758	2021	https://ak-static.cms.nba.com/wp-content/uploads/headshots/nba/1610612758/2021/260x190/1627745.png
1628381	John Collins	1610612737	2021	https://ak-static.cms.nba.com/wp-content/uploads/headshots/nba/1610612737/2021/260x190/1628381.png
203210	JaMychal Green	1610612743	2021	https://ak-static.cms.nba.com/wp-content/uploads/headshots/nba/1610612743/2021/260x190/203210.png
1628402	Frank Jackson	1610612765	2021	https://ak-static.cms.nba.com/wp-content/uploads/headshots/nba/1610612765/2021/260x190/1628402.png
203110	Draymond Green	1610612744	2021	https://ak-static.cms.nba.com/wp-content/uploads/headshots/nba/1610612744/2021/260x190/203110.png
1629628	RJ Barrett	1610612752	2021	https://ak-static.cms.nba.com/wp-content/uploads/headshots/nba/1610612752/2021/260x190/1629628.png
1629012	Collin Sexton	1610612739	2021	https://ak-static.cms.nba.com/wp-content/uploads/headshots/nba/1610612739/2021/260x190/1629012.png
1630557	Corey Kispert	1610612764	2021	https://ak-static.cms.nba.com/wp-content/uploads/headshots/nba/1610612764/2021/260x190/1630557.png
202692	Alec Burks	1610612752	2021	https://ak-static.cms.nba.com/wp-content/uploads/headshots/nba/1610612752/2021/260x190/202692.png
2544	LeBron James	1610612747	2021	https://ak-static.cms.nba.com/wp-content/uploads/headshots/nba/1610612747/2021/260x190/2544.png
1630214	Xavier Tillman Sr.	1610612763	2021	https://ak-static.cms.nba.com/wp-content/uploads/headshots/nba/1610612763/2021/260x190/1630214.png
1629675	Naz Reid	1610612750	2021	https://ak-static.cms.nba.com/wp-content/uploads/headshots/nba/1610612750/2021/260x190/1629675.png
1626156	D'Angelo Russell	1610612750	2021	https://ak-static.cms.nba.com/wp-content/uploads/headshots/nba/1610612750/2021/260x190/1626156.png
1628021	David Nwaba	1610612745	2021	https://ak-static.cms.nba.com/wp-content/uploads/headshots/nba/1610612745/2021/260x190/1628021.png
201933	Blake Griffin	1610612751	2021	https://ak-static.cms.nba.com/wp-content/uploads/headshots/nba/1610612751/2021/260x190/201933.png
1628384	OG Anunoby	1610612761	2021	https://ak-static.cms.nba.com/wp-content/uploads/headshots/nba/1610612761/2021/260x190/1628384.png
1630172	Patrick Williams	1610612741	2021	https://ak-static.cms.nba.com/wp-content/uploads/headshots/nba/1610612741/2021/260x190/1630172.png
1629002	Chimezie Metu	1610612758	2021	https://ak-static.cms.nba.com/wp-content/uploads/headshots/nba/1610612758/2021/260x190/1629002.png
1627742	Brandon Ingram	1610612740	2021	https://ak-static.cms.nba.com/wp-content/uploads/headshots/nba/1610612740/2021/260x190/1627742.png
1630171	Isaac Okoro	1610612739	2021	https://ak-static.cms.nba.com/wp-content/uploads/headshots/nba/1610612739/2021/260x190/1630171.png
1630613	Duane Washington Jr.	1610612754	2021	https://ak-static.cms.nba.com/wp-content/uploads/headshots/nba/1610612754/2021/260x190/1630613.png
203999	Nikola Jokic	1610612743	2021	https://ak-static.cms.nba.com/wp-content/uploads/headshots/nba/1610612743/2021/260x190/203999.png
1626153	Delon Wright	1610612737	2021	https://ak-static.cms.nba.com/wp-content/uploads/headshots/nba/1610612737/2021/260x190/1626153.png
1630532	Franz Wagner	1610612753	2021	https://ak-static.cms.nba.com/wp-content/uploads/headshots/nba/1610612753/2021/260x190/1630532.png
1627734	Domantas Sabonis	1610612754	2021	https://ak-static.cms.nba.com/wp-content/uploads/headshots/nba/1610612754/2021/260x190/1627734.png
202339	Eric Bledsoe	1610612746	2021	https://ak-static.cms.nba.com/wp-content/uploads/headshots/nba/1610612746/2021/260x190/202339.png
1630170	Devin Vassell	1610612759	2021	https://ak-static.cms.nba.com/wp-content/uploads/headshots/nba/1610612759/2021/260x190/1630170.png
203926	Doug McDermott	1610612759	2021	https://ak-static.cms.nba.com/wp-content/uploads/headshots/nba/1610612759/2021/260x190/203926.png
1627741	Buddy Hield	1610612758	2021	https://ak-static.cms.nba.com/wp-content/uploads/headshots/nba/1610612758/2021/260x190/1627741.png
1629645	Kevin Porter Jr.	1610612745	2021	https://ak-static.cms.nba.com/wp-content/uploads/headshots/nba/1610612745/2021/260x190/1629645.png
203901	Elfrid Payton	1610612756	2021	https://ak-static.cms.nba.com/wp-content/uploads/headshots/nba/1610612756/2021/260x190/203901.png
1630526	Jeremiah Robinson-Earl	1610612760	2021	https://ak-static.cms.nba.com/wp-content/uploads/headshots/nba/1610612760/2021/260x190/1630526.png
1626171	Bobby Portis	1610612749	2021	https://ak-static.cms.nba.com/wp-content/uploads/headshots/nba/1610612749/2021/260x190/1626171.png
202696	Nikola Vucevic	1610612741	2021	https://ak-static.cms.nba.com/wp-content/uploads/headshots/nba/1610612741/2021/260x190/202696.png
1629672	Eric Paschall	1610612762	2021	https://ak-static.cms.nba.com/wp-content/uploads/headshots/nba/1610612762/2021/260x190/1629672.png
1626149	Montrezl Harrell	1610612764	2021	https://ak-static.cms.nba.com/wp-content/uploads/headshots/nba/1610612764/2021/260x190/1626149.png
1627736	Malik Beasley	1610612750	2021	https://ak-static.cms.nba.com/wp-content/uploads/headshots/nba/1610612750/2021/260x190/1627736.png
1628420	Monte Morris	1610612743	2021	https://ak-static.cms.nba.com/wp-content/uploads/headshots/nba/1610612743/2021/260x190/1628420.png
1627752	Taurean Prince	1610612750	2021	https://ak-static.cms.nba.com/wp-content/uploads/headshots/nba/1610612750/2021/260x190/1627752.png
1629684	Grant Williams	1610612738	2021	https://ak-static.cms.nba.com/wp-content/uploads/headshots/nba/1610612738/2021/260x190/1629684.png
1628392	Isaiah Hartenstein	1610612746	2021	https://ak-static.cms.nba.com/wp-content/uploads/headshots/nba/1610612746/2021/260x190/1628392.png
1630167	Obi Toppin	1610612752	2021	https://ak-static.cms.nba.com/wp-content/uploads/headshots/nba/1610612752/2021/260x190/1630167.png
203109	Jae Crowder	1610612756	2021	https://ak-static.cms.nba.com/wp-content/uploads/headshots/nba/1610612756/2021/260x190/203109.png
1628976	Wendell Carter Jr.	1610612753	2021	https://ak-static.cms.nba.com/wp-content/uploads/headshots/nba/1610612753/2021/260x190/1628976.png
203471	Dennis Schroder	1610612738	2021	https://ak-static.cms.nba.com/wp-content/uploads/headshots/nba/1610612738/2021/260x190/203471.png
1626166	Cameron Payne	1610612756	2021	https://ak-static.cms.nba.com/wp-content/uploads/headshots/nba/1610612756/2021/260x190/1626166.png
1630558	Davion Mitchell	1610612758	2021	https://ak-static.cms.nba.com/wp-content/uploads/headshots/nba/1610612758/2021/260x190/1630558.png
1628396	Tony Bradley	1610612741	2021	https://ak-static.cms.nba.com/wp-content/uploads/headshots/nba/1610612741/2021/260x190/1628396.png
1626208	Keifer Sykes	1610612754	2021	https://ak-static.cms.nba.com/wp-content/uploads/headshots/nba/1610612754/2021/260x190/1626208.png
203524	Solomon Hill	1610612737	2021	https://ak-static.cms.nba.com/wp-content/uploads/headshots/nba/1610612737/2021/260x190/203524.png
203992	Bogdan Bogdanovic	1610612737	2021	https://ak-static.cms.nba.com/wp-content/uploads/headshots/nba/1610612737/2021/260x190/203992.png
1628389	Bam Adebayo	1610612748	2021	https://ak-static.cms.nba.com/wp-content/uploads/headshots/nba/1610612748/2021/260x190/1628389.png
203648	Thanasis Antetokounmpo	1610612749	2021	https://ak-static.cms.nba.com/wp-content/uploads/headshots/nba/1610612749/2021/260x190/203648.png
204060	Joe Ingles	1610612762	2021	https://ak-static.cms.nba.com/wp-content/uploads/headshots/nba/1610612762/2021/260x190/204060.png
1628379	Luke Kennard	1610612746	2021	https://ak-static.cms.nba.com/wp-content/uploads/headshots/nba/1610612746/2021/260x190/1628379.png
1629723	John Konchar	1610612763	2021	https://ak-static.cms.nba.com/wp-content/uploads/headshots/nba/1610612763/2021/260x190/1629723.png
1628386	Jarrett Allen	1610612739	2021	https://ak-static.cms.nba.com/wp-content/uploads/headshots/nba/1610612739/2021/260x190/1628386.png
1629681	Killian Tillie	1610612763	2021	https://ak-static.cms.nba.com/wp-content/uploads/headshots/nba/1610612763/2021/260x190/1629681.png
1629308	Juan Toscano-Anderson	1610612744	2021	https://ak-static.cms.nba.com/wp-content/uploads/headshots/nba/1610612744/2021/260x190/1629308.png
203457	Nerlens Noel	1610612752	2021	https://ak-static.cms.nba.com/wp-content/uploads/headshots/nba/1610612752/2021/260x190/203457.png
1627763	Malcolm Brogdon	1610612754	2021	https://ak-static.cms.nba.com/wp-content/uploads/headshots/nba/1610612754/2021/260x190/1627763.png
201142	Kevin Durant	1610612751	2021	https://ak-static.cms.nba.com/wp-content/uploads/headshots/nba/1610612751/2021/260x190/201142.png
1628432	Davon Reed	1610612743	2021	https://ak-static.cms.nba.com/wp-content/uploads/headshots/nba/1610612743/2021/260x190/1628432.png
1630533	Ziaire Williams	1610612763	2021	https://ak-static.cms.nba.com/wp-content/uploads/headshots/nba/1610612763/2021/260x190/1630533.png
2546	Carmelo Anthony	1610612747	2021	https://ak-static.cms.nba.com/wp-content/uploads/headshots/nba/1610612747/2021/260x190/2546.png
201935	James Harden	1610612751	2021	https://ak-static.cms.nba.com/wp-content/uploads/headshots/nba/1610612751/2021/260x190/201935.png
203503	Tony Snell	1610612757	2021	https://ak-static.cms.nba.com/wp-content/uploads/headshots/nba/1610612757/2021/260x190/203503.png
203925	Joe Harris	1610612751	2021	https://ak-static.cms.nba.com/wp-content/uploads/headshots/nba/1610612751/2021/260x190/203925.png
203076	Anthony Davis	1610612747	2021	https://ak-static.cms.nba.com/wp-content/uploads/headshots/nba/1610612747/2021/260x190/203076.png
203090	Maurice Harkless	1610612758	2021	https://ak-static.cms.nba.com/wp-content/uploads/headshots/nba/1610612758/2021/260x190/203090.png
203496	Robert Covington	1610612757	2021	https://ak-static.cms.nba.com/wp-content/uploads/headshots/nba/1610612757/2021/260x190/203496.png
1630209	Omer Yurtseven	1610612748	2021	https://ak-static.cms.nba.com/wp-content/uploads/headshots/nba/1610612748/2021/260x190/1630209.png
1628971	Bruce Brown	1610612751	2021	https://ak-static.cms.nba.com/wp-content/uploads/headshots/nba/1610612751/2021/260x190/1628971.png
1626179	Terry Rozier	1610612766	2021	https://ak-static.cms.nba.com/wp-content/uploads/headshots/nba/1610612766/2021/260x190/1626179.png
201939	Stephen Curry	1610612744	2021	https://ak-static.cms.nba.com/wp-content/uploads/headshots/nba/1610612744/2021/260x190/201939.png
1627759	Jaylen Brown	1610612738	2021	https://ak-static.cms.nba.com/wp-content/uploads/headshots/nba/1610612738/2021/260x190/1627759.png
203468	CJ McCollum	1610612757	2021	https://ak-static.cms.nba.com/wp-content/uploads/headshots/nba/1610612757/2021/260x190/203468.png
1626167	Myles Turner	1610612754	2021	https://ak-static.cms.nba.com/wp-content/uploads/headshots/nba/1610612754/2021/260x190/1626167.png
203924	Jerami Grant	1610612765	2021	https://ak-static.cms.nba.com/wp-content/uploads/headshots/nba/1610612765/2021/260x190/203924.png
101150	Lou Williams	1610612737	2021	https://ak-static.cms.nba.com/wp-content/uploads/headshots/nba/1610612737/2021/260x190/101150.png
203500	Steven Adams	1610612763	2021	https://ak-static.cms.nba.com/wp-content/uploads/headshots/nba/1610612763/2021/260x190/203500.png
1629667	Jalen McDaniels	1610612766	2021	https://ak-static.cms.nba.com/wp-content/uploads/headshots/nba/1610612766/2021/260x190/1629667.png
201587	Nicolas Batum	1610612746	2021	https://ak-static.cms.nba.com/wp-content/uploads/headshots/nba/1610612746/2021/260x190/201587.png
202340	Avery Bradley	1610612747	2021	https://ak-static.cms.nba.com/wp-content/uploads/headshots/nba/1610612747/2021/260x190/202340.png
1629655	Daniel Gafford	1610612764	2021	https://ak-static.cms.nba.com/wp-content/uploads/headshots/nba/1610612764/2021/260x190/1629655.png
1626159	Justise Winslow	1610612746	2021	https://ak-static.cms.nba.com/wp-content/uploads/headshots/nba/1610612746/2021/260x190/1626159.png
203994	Jusuf Nurkic	1610612757	2021	https://ak-static.cms.nba.com/wp-content/uploads/headshots/nba/1610612757/2021/260x190/203994.png
204456	T.J. McConnell	1610612754	2021	https://ak-static.cms.nba.com/wp-content/uploads/headshots/nba/1610612754/2021/260x190/204456.png
1626172	Kevon Looney	1610612744	2021	https://ak-static.cms.nba.com/wp-content/uploads/headshots/nba/1610612744/2021/260x190/1626172.png
201144	Mike Conley	1610612762	2021	https://ak-static.cms.nba.com/wp-content/uploads/headshots/nba/1610612762/2021/260x190/201144.png
1629130	Duncan Robinson	1610612748	2021	https://ak-static.cms.nba.com/wp-content/uploads/headshots/nba/1610612748/2021/260x190/1629130.png
201580	JaVale McGee	1610612756	2021	https://ak-static.cms.nba.com/wp-content/uploads/headshots/nba/1610612756/2021/260x190/201580.png
201961	Wayne Ellington	1610612747	2021	https://ak-static.cms.nba.com/wp-content/uploads/headshots/nba/1610612747/2021/260x190/201961.png
203526	Raul Neto	1610612764	2021	https://ak-static.cms.nba.com/wp-content/uploads/headshots/nba/1610612764/2021/260x190/203526.png
1628984	Devonte' Graham	1610612740	2021	https://ak-static.cms.nba.com/wp-content/uploads/headshots/nba/1610612740/2021/260x190/1628984.png
1629651	Nicolas Claxton	1610612751	2021	https://ak-static.cms.nba.com/wp-content/uploads/headshots/nba/1610612751/2021/260x190/1629651.png
1628476	Derrick Walton Jr.	1610612765	2021	https://ak-static.cms.nba.com/wp-content/uploads/headshots/nba/1610612765/2021/260x190/1628476.png
1630175	Cole Anthony	1610612753	2021	https://ak-static.cms.nba.com/wp-content/uploads/headshots/nba/1610612753/2021/260x190/1630175.png
1626192	Pat Connaughton	1610612749	2021	https://ak-static.cms.nba.com/wp-content/uploads/headshots/nba/1610612749/2021/260x190/1626192.png
203935	Marcus Smart	1610612738	2021	https://ak-static.cms.nba.com/wp-content/uploads/headshots/nba/1610612738/2021/260x190/203935.png
1626168	Trey Lyles	1610612765	2021	https://ak-static.cms.nba.com/wp-content/uploads/headshots/nba/1610612765/2021/260x190/1626168.png
1629013	Landry Shamet	1610612756	2021	https://ak-static.cms.nba.com/wp-content/uploads/headshots/nba/1610612756/2021/260x190/1629013.png
1629726	Garrison Mathews	1610612745	2021	https://ak-static.cms.nba.com/wp-content/uploads/headshots/nba/1610612745/2021/260x190/1629726.png
1626145	Tyus Jones	1610612763	2021	https://ak-static.cms.nba.com/wp-content/uploads/headshots/nba/1610612763/2021/260x190/1626145.png
203082	Terrence Ross	1610612753	2021	https://ak-static.cms.nba.com/wp-content/uploads/headshots/nba/1610612753/2021/260x190/203082.png
202710	Jimmy Butler	1610612748	2021	https://ak-static.cms.nba.com/wp-content/uploads/headshots/nba/1610612748/2021/260x190/202710.png
1629018	Gary Trent Jr.	1610612761	2021	https://ak-static.cms.nba.com/wp-content/uploads/headshots/nba/1610612761/2021/260x190/1629018.png
1629642	Nassir Little	1610612757	2021	https://ak-static.cms.nba.com/wp-content/uploads/headshots/nba/1610612757/2021/260x190/1629642.png
203914	Gary Harris	1610612753	2021	https://ak-static.cms.nba.com/wp-content/uploads/headshots/nba/1610612753/2021/260x190/203914.png
203903	Jordan Clarkson	1610612762	2021	https://ak-static.cms.nba.com/wp-content/uploads/headshots/nba/1610612762/2021/260x190/203903.png
1629636	Darius Garland	1610612739	2021	https://ak-static.cms.nba.com/wp-content/uploads/headshots/nba/1610612739/2021/260x190/1629636.png
203083	Andre Drummond	1610612755	2021	https://ak-static.cms.nba.com/wp-content/uploads/headshots/nba/1610612755/2021/260x190/203083.png
203145	Kent Bazemore	1610612747	2021	https://ak-static.cms.nba.com/wp-content/uploads/headshots/nba/1610612747/2021/260x190/203145.png
201152	Thaddeus Young	1610612759	2021	https://ak-static.cms.nba.com/wp-content/uploads/headshots/nba/1610612759/2021/260x190/201152.png
1629641	Romeo Langford	1610612738	2021	https://ak-static.cms.nba.com/wp-content/uploads/headshots/nba/1610612738/2021/260x190/1629641.png
1629630	Ja Morant	1610612763	2021	https://ak-static.cms.nba.com/wp-content/uploads/headshots/nba/1610612763/2021/260x190/1629630.png
1626164	Devin Booker	1610612756	2021	https://ak-static.cms.nba.com/wp-content/uploads/headshots/nba/1610612756/2021/260x190/1626164.png
1630162	Anthony Edwards	1610612750	2021	https://ak-static.cms.nba.com/wp-content/uploads/headshots/nba/1610612750/2021/260x190/1630162.png
1627846	Abdel Nader	1610612756	2021	https://ak-static.cms.nba.com/wp-content/uploads/headshots/nba/1610612756/2021/260x190/1627846.png
1629056	Terence Davis	1610612758	2021	https://ak-static.cms.nba.com/wp-content/uploads/headshots/nba/1610612758/2021/260x190/1629056.png
1629014	Anfernee Simons	1610612757	2021	https://ak-static.cms.nba.com/wp-content/uploads/headshots/nba/1610612757/2021/260x190/1629014.png
1630527	Brandon Boston Jr.	1610612746	2021	https://ak-static.cms.nba.com/wp-content/uploads/headshots/nba/1610612746/2021/260x190/1630527.png
203085	Austin Rivers	1610612743	2021	https://ak-static.cms.nba.com/wp-content/uploads/headshots/nba/1610612743/2021/260x190/203085.png
1626196	Josh Richardson	1610612738	2021	https://ak-static.cms.nba.com/wp-content/uploads/headshots/nba/1610612738/2021/260x190/1626196.png
203115	Will Barton	1610612743	2021	https://ak-static.cms.nba.com/wp-content/uploads/headshots/nba/1610612743/2021/260x190/203115.png
1628977	Hamidou Diallo	1610612765	2021	https://ak-static.cms.nba.com/wp-content/uploads/headshots/nba/1610612765/2021/260x190/1628977.png
203081	Damian Lillard	1610612757	2021	https://ak-static.cms.nba.com/wp-content/uploads/headshots/nba/1610612757/2021/260x190/203081.png
204001	Kristaps Porzingis	1610612742	2021	https://ak-static.cms.nba.com/wp-content/uploads/headshots/nba/1610612742/2021/260x190/204001.png
1630578	Alperen Sengun	1610612745	2021	https://ak-static.cms.nba.com/wp-content/uploads/headshots/nba/1610612745/2021/260x190/1630578.png
1629717	Armoni Brooks	1610612745	2021	https://ak-static.cms.nba.com/wp-content/uploads/headshots/nba/1610612745/2021/260x190/1629717.png
202397	Ish Smith	1610612766	2021	https://ak-static.cms.nba.com/wp-content/uploads/headshots/nba/1610612766/2021/260x190/202397.png
203507	Giannis Antetokounmpo	1610612749	2021	https://ak-static.cms.nba.com/wp-content/uploads/headshots/nba/1610612749/2021/260x190/203507.png
1628398	Kyle Kuzma	1610612764	2021	https://ak-static.cms.nba.com/wp-content/uploads/headshots/nba/1610612764/2021/260x190/1628398.png
1630598	Aaron Wiggins	1610612760	2021	https://ak-static.cms.nba.com/wp-content/uploads/headshots/nba/1610612760/2021/260x190/1630598.png
203482	Kelly Olynyk	1610612765	2021	https://ak-static.cms.nba.com/wp-content/uploads/headshots/nba/1610612765/2021/260x190/203482.png
1629599	Amir Coffey	1610612746	2021	https://ak-static.cms.nba.com/wp-content/uploads/headshots/nba/1610612746/2021/260x190/1629599.png
1629629	Cam Reddish	1610612737	2021	https://ak-static.cms.nba.com/wp-content/uploads/headshots/nba/1610612737/2021/260x190/1629629.png
1630235	Trent Forrest	1610612762	2021	https://ak-static.cms.nba.com/wp-content/uploads/headshots/nba/1610612762/2021/260x190/1630235.png
203484	Kentavious Caldwell-Pope	1610612764	2021	https://ak-static.cms.nba.com/wp-content/uploads/headshots/nba/1610612764/2021/260x190/203484.png
1628989	Kevin Huerter	1610612737	2021	https://ak-static.cms.nba.com/wp-content/uploads/headshots/nba/1610612737/2021/260x190/1628989.png
1630245	Ayo Dosunmu	1610612741	2021	https://ak-static.cms.nba.com/wp-content/uploads/headshots/nba/1610612741/2021/260x190/1630245.png
201567	Kevin Love	1610612739	2021	https://ak-static.cms.nba.com/wp-content/uploads/headshots/nba/1610612739/2021/260x190/201567.png
1629234	Drew Eubanks	1610612759	2021	https://ak-static.cms.nba.com/wp-content/uploads/headshots/nba/1610612759/2021/260x190/1629234.png
1630193	Immanuel Quickley	1610612752	2021	https://ak-static.cms.nba.com/wp-content/uploads/headshots/nba/1610612752/2021/260x190/1630193.png
1630596	Evan Mobley	1610612739	2021	https://ak-static.cms.nba.com/wp-content/uploads/headshots/nba/1610612739/2021/260x190/1630596.png
1630188	Jalen Smith	1610612756	2021	https://ak-static.cms.nba.com/wp-content/uploads/headshots/nba/1610612756/2021/260x190/1630188.png
1629011	Mitchell Robinson	1610612752	2021	https://ak-static.cms.nba.com/wp-content/uploads/headshots/nba/1610612752/2021/260x190/1629011.png
202704	Reggie Jackson	1610612746	2021	https://ak-static.cms.nba.com/wp-content/uploads/headshots/nba/1610612746/2021/260x190/202704.png
1629027	Trae Young	1610612737	2021	https://ak-static.cms.nba.com/wp-content/uploads/headshots/nba/1610612737/2021/260x190/1629027.png
1628963	Marvin Bagley III	1610612758	2021	https://ak-static.cms.nba.com/wp-content/uploads/headshots/nba/1610612758/2021/260x190/1628963.png
1627783	Pascal Siakam	1610612761	2021	https://ak-static.cms.nba.com/wp-content/uploads/headshots/nba/1610612761/2021/260x190/1627783.png
1626204	Larry Nance Jr.	1610612757	2021	https://ak-static.cms.nba.com/wp-content/uploads/headshots/nba/1610612757/2021/260x190/1626204.png
1630183	Jaden McDaniels	1610612750	2021	https://ak-static.cms.nba.com/wp-content/uploads/headshots/nba/1610612750/2021/260x190/1630183.png
