203932	Aaron Gordon	1406.6633333333334	6.3	https://ak-static.cms.nba.com/wp-content/uploads/headshots/nba/latest/260x190/203932.png
1630565	Aaron Henry	16.983333333333334	-56.0	https://ak-static.cms.nba.com/wp-content/uploads/headshots/nba/latest/260x190/1630565.png
1628988	Aaron Holiday	570.3283333333334	-4.2	https://ak-static.cms.nba.com/wp-content/uploads/headshots/nba/latest/260x190/1628988.png
1630174	Aaron Nesmith	354.655	-0.5	https://ak-static.cms.nba.com/wp-content/uploads/headshots/nba/latest/260x190/1630174.png
1630598	Aaron Wiggins	627.3583333333333	-2.5	https://ak-static.cms.nba.com/wp-content/uploads/headshots/nba/latest/260x190/1630598.png
1627846	Abdel Nader	145.23833333333334	-0.9	https://ak-static.cms.nba.com/wp-content/uploads/headshots/nba/latest/260x190/1627846.png
1630278	Ade Murkey	1.4666666666666666	-33.3	https://ak-static.cms.nba.com/wp-content/uploads/headshots/nba/latest/260x190/1630278.png
1629678	Admiral Schofield	211.47166666666666	-2.1	https://ak-static.cms.nba.com/wp-content/uploads/headshots/nba/latest/260x190/1629678.png
1629958	Ahmad Caver	0.8433333333333334	133.3	https://ak-static.cms.nba.com/wp-content/uploads/headshots/nba/latest/260x190/1629958.png
201143	Al Horford	1159.07	1.6	https://ak-static.cms.nba.com/wp-content/uploads/headshots/nba/latest/260x190/201143.png
202692	Alec Burks	1300.4416666666666	1.9	https://ak-static.cms.nba.com/wp-content/uploads/headshots/nba/latest/260x190/202692.png
1630758	Aleem Ford	73.53	-22.1	https://ak-static.cms.nba.com/wp-content/uploads/headshots/nba/latest/260x190/1630758.png
1630197	Aleksej Pokusevski	543.9333333333333	-5.1	https://ak-static.cms.nba.com/wp-content/uploads/headshots/nba/latest/260x190/1630197.png
1627936	Alex Caruso	775.4416666666667	9.1	https://ak-static.cms.nba.com/wp-content/uploads/headshots/nba/latest/260x190/1627936.png
203458	Alex Len	529.7966666666666	-6.4	https://ak-static.cms.nba.com/wp-content/uploads/headshots/nba/latest/260x190/203458.png
1628035	Alfonzo McKinnie	200.08	-14.8	https://ak-static.cms.nba.com/wp-content/uploads/headshots/nba/latest/260x190/1628035.png
1628993	Alize Johnson	138.77	-20.2	https://ak-static.cms.nba.com/wp-content/uploads/headshots/nba/latest/260x190/1628993.png
1630578	Alperen Sengun	726.6183333333333	-10.1	https://ak-static.cms.nba.com/wp-content/uploads/headshots/nba/latest/260x190/1630578.png
1629599	Amir Coffey	782.5033333333333	1.6	https://ak-static.cms.nba.com/wp-content/uploads/headshots/nba/latest/260x190/1629599.png
203083	Andre Drummond	773.2516666666667	1.2	https://ak-static.cms.nba.com/wp-content/uploads/headshots/nba/latest/260x190/203083.png
2738	Andre Iguodala	512.6233333333333	9.9	https://ak-static.cms.nba.com/wp-content/uploads/headshots/nba/latest/260x190/2738.png
203952	Andrew Wiggins	1382.985	9.1	https://ak-static.cms.nba.com/wp-content/uploads/headshots/nba/latest/260x190/203952.png
1629014	Anfernee Simons	1170.33	0.3	https://ak-static.cms.nba.com/wp-content/uploads/headshots/nba/latest/260x190/1629014.png
203076	Anthony Davis	979.94	-2.5	https://ak-static.cms.nba.com/wp-content/uploads/headshots/nba/latest/260x190/203076.png
1630162	Anthony Edwards	1439.5666666666666	5.2	https://ak-static.cms.nba.com/wp-content/uploads/headshots/nba/latest/260x190/1630162.png
1630264	Anthony Gill	112.7	13.1	https://ak-static.cms.nba.com/wp-content/uploads/headshots/nba/latest/260x190/1630264.png
1630237	Anthony Lamb	7.683333333333334	29.4	https://ak-static.cms.nba.com/wp-content/uploads/headshots/nba/latest/260x190/1630237.png
1629717	Armoni Brooks	649.1583333333333	-2.0	https://ak-static.cms.nba.com/wp-content/uploads/headshots/nba/latest/260x190/1629717.png
1629083	Arnoldas Kulboka	2.716666666666667	-133.3	https://ak-static.cms.nba.com/wp-content/uploads/headshots/nba/latest/260x190/1629083.png
1630559	Austin Reaves	603.905	9.1	https://ak-static.cms.nba.com/wp-content/uploads/headshots/nba/latest/260x190/1630559.png
203085	Austin Rivers	715.0016666666667	0.5	https://ak-static.cms.nba.com/wp-content/uploads/headshots/nba/latest/260x190/203085.png
202340	Avery Bradley	956.4083333333333	-3.7	https://ak-static.cms.nba.com/wp-content/uploads/headshots/nba/latest/260x190/202340.png
1630245	Ayo Dosunmu	981.925	-2.0	https://ak-static.cms.nba.com/wp-content/uploads/headshots/nba/latest/260x190/1630245.png
1629168	BJ Johnson	64.595	-9.2	https://ak-static.cms.nba.com/wp-content/uploads/headshots/nba/latest/260x190/1629168.png
1628389	Bam Adebayo	753.6383333333333	4.8	https://ak-static.cms.nba.com/wp-content/uploads/headshots/nba/latest/260x190/1628389.png
203463	Ben McLemore	540.9683333333334	-11.1	https://ak-static.cms.nba.com/wp-content/uploads/headshots/nba/latest/260x190/203463.png
202687	Bismack Biyombo	222.045	17.9	https://ak-static.cms.nba.com/wp-content/uploads/headshots/nba/latest/260x190/202687.png
201933	Blake Griffin	671.385	1.4	https://ak-static.cms.nba.com/wp-content/uploads/headshots/nba/latest/260x190/201933.png
1626246	Boban Marjanovic	95.19333333333333	14.3	https://ak-static.cms.nba.com/wp-content/uploads/headshots/nba/latest/260x190/1626246.png
1626171	Bobby Portis	1180.3566666666666	5.8	https://ak-static.cms.nba.com/wp-content/uploads/headshots/nba/latest/260x190/1626171.png
203992	Bogdan Bogdanovic	826.62	-1.5	https://ak-static.cms.nba.com/wp-content/uploads/headshots/nba/latest/260x190/203992.png
202711	Bojan Bogdanovic	1449.9766666666667	5.4	https://ak-static.cms.nba.com/wp-content/uploads/headshots/nba/latest/260x190/202711.png
1629626	Bol Bol	80.84	0.5	https://ak-static.cms.nba.com/wp-content/uploads/headshots/nba/latest/260x190/1629626.png
1630538	Bones Hyland	605.5666666666667	-1.2	https://ak-static.cms.nba.com/wp-content/uploads/headshots/nba/latest/260x190/1630538.png
202954	Brad Wanamaker	319.62	-6.4	https://ak-static.cms.nba.com/wp-content/uploads/headshots/nba/latest/260x190/202954.png
203078	Bradley Beal	1403.7166666666667	-3.1	https://ak-static.cms.nba.com/wp-content/uploads/headshots/nba/latest/260x190/203078.png
1630527	Brandon Boston Jr.	539.0433333333333	-6.6	https://ak-static.cms.nba.com/wp-content/uploads/headshots/nba/latest/260x190/1630527.png
1629634	Brandon Clarke	644.4416666666667	5.9	https://ak-static.cms.nba.com/wp-content/uploads/headshots/nba/latest/260x190/1629634.png
1629164	Brandon Goodwin	137.195	-4.1	https://ak-static.cms.nba.com/wp-content/uploads/headshots/nba/latest/260x190/1629164.png
1627742	Brandon Ingram	1238.0816666666667	0.3	https://ak-static.cms.nba.com/wp-content/uploads/headshots/nba/latest/260x190/1627742.png
202688	Brandon Knight	54.49333333333333	7.9	https://ak-static.cms.nba.com/wp-content/uploads/headshots/nba/latest/260x190/202688.png
1630314	Brandon Williams	11.75	82.6	https://ak-static.cms.nba.com/wp-content/uploads/headshots/nba/latest/260x190/1630314.png
1630296	Braxton Key	6.4	-33.3	https://ak-static.cms.nba.com/wp-content/uploads/headshots/nba/latest/260x190/1630296.png
1630271	Brodric Thomas	27.571666666666665	6.3	https://ak-static.cms.nba.com/wp-content/uploads/headshots/nba/latest/260x190/1630271.png
201572	Brook Lopez	28.166666666666668	2.0	https://ak-static.cms.nba.com/wp-content/uploads/headshots/nba/latest/260x190/201572.png
1628971	Bruce Brown	820.7183333333334	-3.4	https://ak-static.cms.nba.com/wp-content/uploads/headshots/nba/latest/260x190/1628971.png
1628981	Bruno Fernando	38.18833333333333	-37.8	https://ak-static.cms.nba.com/wp-content/uploads/headshots/nba/latest/260x190/1628981.png
1627854	Bryn Forbes	748.49	-4.9	https://ak-static.cms.nba.com/wp-content/uploads/headshots/nba/latest/260x190/1627854.png
1627741	Buddy Hield	1449.1133333333332	-5.1	https://ak-static.cms.nba.com/wp-content/uploads/headshots/nba/latest/260x190/1627741.png
1629604	CJ Elleby	303.18333333333334	-12.5	https://ak-static.cms.nba.com/wp-content/uploads/headshots/nba/latest/260x190/1629604.png
203468	CJ McCollum	1056.8933333333334	-2.3	https://ak-static.cms.nba.com/wp-content/uploads/headshots/nba/latest/260x190/203468.png
101139	CJ Miles	1.95	-100.0	https://ak-static.cms.nba.com/wp-content/uploads/headshots/nba/latest/260x190/101139.png
1630595	Cade Cunningham	1226.2466666666667	-9.6	https://ak-static.cms.nba.com/wp-content/uploads/headshots/nba/latest/260x190/1630595.png
1628997	Caleb Martin	881.745	4.1	https://ak-static.cms.nba.com/wp-content/uploads/headshots/nba/latest/260x190/1628997.png
1629629	Cam Reddish	812.215	-9.1	https://ak-static.cms.nba.com/wp-content/uploads/headshots/nba/latest/260x190/1629629.png
1630560	Cam Thomas	642.28	-5.6	https://ak-static.cms.nba.com/wp-content/uploads/headshots/nba/latest/260x190/1630560.png
1629661	Cameron Johnson	1141.1066666666666	6.5	https://ak-static.cms.nba.com/wp-content/uploads/headshots/nba/latest/260x190/1629661.png
1630787	Cameron McGriff	45.96666666666667	7.3	https://ak-static.cms.nba.com/wp-content/uploads/headshots/nba/latest/260x190/1630787.png
1628419	Cameron Oliver	43.3	-0.9	https://ak-static.cms.nba.com/wp-content/uploads/headshots/nba/latest/260x190/1628419.png
1626166	Cameron Payne	815.1516666666666	5.3	https://ak-static.cms.nba.com/wp-content/uploads/headshots/nba/latest/260x190/1626166.png
1627747	Caris LeVert	1031.685	0.4	https://ak-static.cms.nba.com/wp-content/uploads/headshots/nba/latest/260x190/1627747.png
1630637	Carlik Jones	23.258333333333333	-33.1	https://ak-static.cms.nba.com/wp-content/uploads/headshots/nba/latest/260x190/1630637.png
2546	Carmelo Anthony	1202.54	1.0	https://ak-static.cms.nba.com/wp-content/uploads/headshots/nba/latest/260x190/2546.png
1630199	Cassius Stanley	152.46666666666667	-6.5	https://ak-static.cms.nba.com/wp-content/uploads/headshots/nba/latest/260x190/1630199.png
1630216	Cassius Winston	6.733333333333333	-12.9	https://ak-static.cms.nba.com/wp-content/uploads/headshots/nba/latest/260x190/1630216.png
1627760	Cat Barber	12.85	34.6	https://ak-static.cms.nba.com/wp-content/uploads/headshots/nba/latest/260x190/1627760.png
1626224	Cedi Osman	836.0816666666667	2.8	https://ak-static.cms.nba.com/wp-content/uploads/headshots/nba/latest/260x190/1626224.png
1628990	Chandler Hutchison	22.376666666666665	27.3	https://ak-static.cms.nba.com/wp-content/uploads/headshots/nba/latest/260x190/1628990.png
1629646	Charles Bassey	151.62666666666667	-7.9	https://ak-static.cms.nba.com/wp-content/uploads/headshots/nba/latest/260x190/1629646.png
1629718	Charlie Brown Jr.	161.72666666666666	-2.0	https://ak-static.cms.nba.com/wp-content/uploads/headshots/nba/latest/260x190/1629718.png
1630602	Chaundee Brown Jr.	103.65833333333333	-8.7	https://ak-static.cms.nba.com/wp-content/uploads/headshots/nba/latest/260x190/1630602.png
1627767	Cheick Diallo	30.633333333333333	-50.7	https://ak-static.cms.nba.com/wp-content/uploads/headshots/nba/latest/260x190/1627767.png
1629002	Chimezie Metu	709.7733333333333	-2.4	https://ak-static.cms.nba.com/wp-content/uploads/headshots/nba/latest/260x190/1629002.png
1628449	Chris Boucher	895.7483333333333	2.0	https://ak-static.cms.nba.com/wp-content/uploads/headshots/nba/latest/260x190/1628449.png
1629185	Chris Chiozza	251.04333333333332	-6.6	https://ak-static.cms.nba.com/wp-content/uploads/headshots/nba/latest/260x190/1629185.png
1630537	Chris Duarte	1183.8733333333332	1.2	https://ak-static.cms.nba.com/wp-content/uploads/headshots/nba/latest/260x190/1630537.png
101108	Chris Paul	1537.2783333333334	9.3	https://ak-static.cms.nba.com/wp-content/uploads/headshots/nba/latest/260x190/101108.png
1629735	Chris Silva	66.27833333333334	-15.5	https://ak-static.cms.nba.com/wp-content/uploads/headshots/nba/latest/260x190/1629735.png
1626174	Christian Wood	1381.5983333333334	-9.4	https://ak-static.cms.nba.com/wp-content/uploads/headshots/nba/latest/260x190/1626174.png
1629643	Chuma Okeke	894.625	-10.1	https://ak-static.cms.nba.com/wp-content/uploads/headshots/nba/latest/260x190/1629643.png
203991	Clint Capela	1140.7566666666667	3.1	https://ak-static.cms.nba.com/wp-content/uploads/headshots/nba/latest/260x190/203991.png
1629632	Coby White	785.7983333333333	-3.7	https://ak-static.cms.nba.com/wp-content/uploads/headshots/nba/latest/260x190/1629632.png
1628998	Cody Martin	1197.8716666666667	0.8	https://ak-static.cms.nba.com/wp-content/uploads/headshots/nba/latest/260x190/1628998.png
203469	Cody Zeller	354.535	-2.1	https://ak-static.cms.nba.com/wp-content/uploads/headshots/nba/latest/260x190/203469.png
1630175	Cole Anthony	1159.0133333333333	-4.5	https://ak-static.cms.nba.com/wp-content/uploads/headshots/nba/latest/260x190/1630175.png
1629012	Collin Sexton	316.44166666666666	-5.8	https://ak-static.cms.nba.com/wp-content/uploads/headshots/nba/latest/260x190/1629012.png
1630557	Corey Kispert	781.4566666666667	2.6	https://ak-static.cms.nba.com/wp-content/uploads/headshots/nba/latest/260x190/1630557.png
202709	Cory Joseph	844.7283333333334	-6.2	https://ak-static.cms.nba.com/wp-content/uploads/headshots/nba/latest/260x190/202709.png
1628591	Craig Sword	18.983333333333334	8.3	https://ak-static.cms.nba.com/wp-content/uploads/headshots/nba/latest/260x190/1628591.png
1626156	D'Angelo Russell	1204.6966666666667	7.6	https://ak-static.cms.nba.com/wp-content/uploads/headshots/nba/latest/260x190/1626156.png
201571	D.J. Augustin	495.1766666666667	-13.1	https://ak-static.cms.nba.com/wp-content/uploads/headshots/nba/latest/260x190/201571.png
1628391	D.J. Wilson	47.641666666666666	-17.0	https://ak-static.cms.nba.com/wp-content/uploads/headshots/nba/latest/260x190/1628391.png
1629610	DaQuan Jeffries	8.791666666666666	-10.5	https://ak-static.cms.nba.com/wp-content/uploads/headshots/nba/latest/260x190/1629610.png
1630227	Daishen Nix	66.81666666666666	0.0	https://ak-static.cms.nba.com/wp-content/uploads/headshots/nba/latest/260x190/1630227.png
1629751	Dakota Mathias	16.225	-25.4	https://ak-static.cms.nba.com/wp-content/uploads/headshots/nba/latest/260x190/1629751.png
1630625	Dalano Banton	438.63166666666666	-2.1	https://ak-static.cms.nba.com/wp-content/uploads/headshots/nba/latest/260x190/1630625.png
1627745	Damian Jones	430.1616666666667	-5.4	https://ak-static.cms.nba.com/wp-content/uploads/headshots/nba/latest/260x190/1627745.png
203081	Damian Lillard	1056.19	-1.8	https://ak-static.cms.nba.com/wp-content/uploads/headshots/nba/latest/260x190/203081.png
1627814	Damion Lee	758.4716666666667	5.4	https://ak-static.cms.nba.com/wp-content/uploads/headshots/nba/latest/260x190/1627814.png
1628422	Damyean Dotson	20.541666666666668	-0.8	https://ak-static.cms.nba.com/wp-content/uploads/headshots/nba/latest/260x190/1628422.png
1629655	Daniel Gafford	953.495	-6.0	https://ak-static.cms.nba.com/wp-content/uploads/headshots/nba/latest/260x190/1629655.png
1630187	Daniel Oturu	27.281666666666666	-36.8	https://ak-static.cms.nba.com/wp-content/uploads/headshots/nba/latest/260x190/1630187.png
1628464	Daniel Theis	584.2383333333333	-16.9	https://ak-static.cms.nba.com/wp-content/uploads/headshots/nba/latest/260x190/1628464.png
201568	Danilo Gallinari	854.0216666666666	0.2	https://ak-static.cms.nba.com/wp-content/uploads/headshots/nba/latest/260x190/201568.png
201980	Danny Green	688.455	5.8	https://ak-static.cms.nba.com/wp-content/uploads/headshots/nba/latest/260x190/201980.png
1627863	Danuel House Jr.	354.6016666666667	-5.8	https://ak-static.cms.nba.com/wp-content/uploads/headshots/nba/latest/260x190/1627863.png
1629647	Darius Bazley	1080.4116666666666	-12.5	https://ak-static.cms.nba.com/wp-content/uploads/headshots/nba/latest/260x190/1629647.png
1629636	Darius Garland	1490.06	9.6	https://ak-static.cms.nba.com/wp-content/uploads/headshots/nba/latest/260x190/1629636.png
201954	Darren Collison	37.166666666666664	-18.4	https://ak-static.cms.nba.com/wp-content/uploads/headshots/nba/latest/260x190/201954.png
1630561	David Duke Jr.	244.42666666666668	4.3	https://ak-static.cms.nba.com/wp-content/uploads/headshots/nba/latest/260x190/1630561.png
1630525	David Johnson	1.985	-75.0	https://ak-static.cms.nba.com/wp-content/uploads/headshots/nba/latest/260x190/1630525.png
1628021	David Nwaba	469.335	-4.2	https://ak-static.cms.nba.com/wp-content/uploads/headshots/nba/latest/260x190/1628021.png
1630558	Davion Mitchell	1091.0916666666667	-4.5	https://ak-static.cms.nba.com/wp-content/uploads/headshots/nba/latest/260x190/1630558.png
202722	Davis Bertans	487.91	-5.1	https://ak-static.cms.nba.com/wp-content/uploads/headshots/nba/latest/260x190/202722.png
1628432	Davon Reed	319.3	-0.9	https://ak-static.cms.nba.com/wp-content/uploads/headshots/nba/latest/260x190/1628432.png
1630549	Day'Ron Sharpe	269.00333333333333	7.0	https://ak-static.cms.nba.com/wp-content/uploads/headshots/nba/latest/260x190/1630549.png
1628368	De'Aaron Fox	1468.1966666666667	-5.1	https://ak-static.cms.nba.com/wp-content/uploads/headshots/nba/latest/260x190/1628368.png
1629631	De'Andre Hunter	545.04	-3.1	https://ak-static.cms.nba.com/wp-content/uploads/headshots/nba/latest/260x190/1629631.png
1629001	De'Anthony Melton	940.335	4.6	https://ak-static.cms.nba.com/wp-content/uploads/headshots/nba/latest/260x190/1629001.png
201599	DeAndre Jordan	376.59166666666664	-9.3	https://ak-static.cms.nba.com/wp-content/uploads/headshots/nba/latest/260x190/201599.png
1627761	DeAndre' Bembry	825.3266666666667	1.6	https://ak-static.cms.nba.com/wp-content/uploads/headshots/nba/latest/260x190/1627761.png
1630610	DeJon Jarreau	0.8616666666666667	100.0	https://ak-static.cms.nba.com/wp-content/uploads/headshots/nba/latest/260x190/1630610.png
201942	DeMar DeRozan	1500.675	6.5	https://ak-static.cms.nba.com/wp-content/uploads/headshots/nba/latest/260x190/201942.png
202326	DeMarcus Cousins	325.0283333333333	5.3	https://ak-static.cms.nba.com/wp-content/uploads/headshots/nba/latest/260x190/202326.png
1629731	Dean Wade	638.2833333333333	0.5	https://ak-static.cms.nba.com/wp-content/uploads/headshots/nba/latest/260x190/1629731.png
1629028	Deandre Ayton	836.55	4.9	https://ak-static.cms.nba.com/wp-content/uploads/headshots/nba/latest/260x190/1629028.png
1629686	Deividas Sirvydis	26.615	-42.3	https://ak-static.cms.nba.com/wp-content/uploads/headshots/nba/latest/260x190/1629686.png
1627749	Dejounte Murray	1508.85	1.3	https://ak-static.cms.nba.com/wp-content/uploads/headshots/nba/latest/260x190/1627749.png
1626153	Delon Wright	761.525	0.8	https://ak-static.cms.nba.com/wp-content/uploads/headshots/nba/latest/260x190/1626153.png
1630166	Deni Avdija	1085.445	1.2	https://ak-static.cms.nba.com/wp-content/uploads/headshots/nba/latest/260x190/1630166.png
203471	Dennis Schroder	1306.3216666666667	3.1	https://ak-static.cms.nba.com/wp-content/uploads/headshots/nba/latest/260x190/203471.png
1628372	Dennis Smith Jr.	496.86833333333334	-11.7	https://ak-static.cms.nba.com/wp-content/uploads/headshots/nba/latest/260x190/1628372.png
1627756	Denzel Valentine	221.99666666666667	-5.1	https://ak-static.cms.nba.com/wp-content/uploads/headshots/nba/latest/260x190/1627756.png
202324	Derrick Favors	496.3516666666667	-13.6	https://ak-static.cms.nba.com/wp-content/uploads/headshots/nba/latest/260x190/202324.png
1627884	Derrick Jones Jr.	533.2766666666666	2.7	https://ak-static.cms.nba.com/wp-content/uploads/headshots/nba/latest/260x190/1627884.png
201565	Derrick Rose	635.8633333333333	5.8	https://ak-static.cms.nba.com/wp-content/uploads/headshots/nba/latest/260x190/201565.png
1628476	Derrick Walton Jr.	108.22	0.5	https://ak-static.cms.nba.com/wp-content/uploads/headshots/nba/latest/260x190/1628476.png
1628401	Derrick White	1335.2066666666667	0.7	https://ak-static.cms.nba.com/wp-content/uploads/headshots/nba/latest/260x190/1628401.png
1630217	Desmond Bane	1379.4366666666667	4.0	https://ak-static.cms.nba.com/wp-content/uploads/headshots/nba/latest/260x190/1630217.png
1626164	Devin Booker	1338.2566666666667	8.3	https://ak-static.cms.nba.com/wp-content/uploads/headshots/nba/latest/260x190/1626164.png
1630170	Devin Vassell	1034.45	2.0	https://ak-static.cms.nba.com/wp-content/uploads/headshots/nba/latest/260x190/1630170.png
1629653	Devon Dotson	85.17	-2.4	https://ak-static.cms.nba.com/wp-content/uploads/headshots/nba/latest/260x190/1629653.png
1629719	Devontae Cacok	57.583333333333336	5.6	https://ak-static.cms.nba.com/wp-content/uploads/headshots/nba/latest/260x190/1629719.png
1628984	Devonte' Graham	1348.6433333333334	0.7	https://ak-static.cms.nba.com/wp-content/uploads/headshots/nba/latest/260x190/1628984.png
203473	Dewayne Dedmon	687.2533333333333	7.1	https://ak-static.cms.nba.com/wp-content/uploads/headshots/nba/latest/260x190/203473.png
1629712	Didi Louzada	6.933333333333334	-20.5	https://ak-static.cms.nba.com/wp-content/uploads/headshots/nba/latest/260x190/1629712.png
1628415	Dillon Brooks	586.56	8.8	https://ak-static.cms.nba.com/wp-content/uploads/headshots/nba/latest/260x190/1628415.png
1627734	Domantas Sabonis	1533.5966666666666	1.1	https://ak-static.cms.nba.com/wp-content/uploads/headshots/nba/latest/260x190/1627734.png
1628378	Donovan Mitchell	1340.235	7.9	https://ak-static.cms.nba.com/wp-content/uploads/headshots/nba/latest/260x190/1628378.png
1628978	Donte DiVincenzo	217.81166666666667	-3.8	https://ak-static.cms.nba.com/wp-content/uploads/headshots/nba/latest/260x190/1628978.png
1627827	Dorian Finney-Smith	1533.2983333333334	2.9	https://ak-static.cms.nba.com/wp-content/uploads/headshots/nba/latest/260x190/1627827.png
203926	Doug McDermott	836.0066666666667	-1.3	https://ak-static.cms.nba.com/wp-content/uploads/headshots/nba/latest/260x190/203926.png
203110	Draymond Green	1017.9933333333333	9.8	https://ak-static.cms.nba.com/wp-content/uploads/headshots/nba/latest/260x190/203110.png
1629234	Drew Eubanks	532.6416666666667	-3.7	https://ak-static.cms.nba.com/wp-content/uploads/headshots/nba/latest/260x190/1629234.png
1630613	Duane Washington Jr.	334.3233333333333	-10.9	https://ak-static.cms.nba.com/wp-content/uploads/headshots/nba/latest/260x190/1630613.png
1629130	Duncan Robinson	1247.9433333333334	3.4	https://ak-static.cms.nba.com/wp-content/uploads/headshots/nba/latest/260x190/1629130.png
2730	Dwight Howard	551.2633333333333	0.3	https://ak-static.cms.nba.com/wp-content/uploads/headshots/nba/latest/260x190/2730.png
203939	Dwight Powell	970.75	0.1	https://ak-static.cms.nba.com/wp-content/uploads/headshots/nba/latest/260x190/203939.png
1629685	Dylan Windler	335.93	0.9	https://ak-static.cms.nba.com/wp-content/uploads/headshots/nba/latest/260x190/1629685.png
202334	Ed Davis	131.92	-0.7	https://ak-static.cms.nba.com/wp-content/uploads/headshots/nba/latest/260x190/202334.png
203901	Elfrid Payton	294.98833333333334	6.2	https://ak-static.cms.nba.com/wp-content/uploads/headshots/nba/latest/260x190/203901.png
1630190	Elijah Hughes	75.64833333333333	-28.7	https://ak-static.cms.nba.com/wp-content/uploads/headshots/nba/latest/260x190/1630190.png
1629150	Emanuel Terry	18.21	-50.3	https://ak-static.cms.nba.com/wp-content/uploads/headshots/nba/latest/260x190/1629150.png
1626144	Emmanuel Mudiay	10.983333333333333	-23.7	https://ak-static.cms.nba.com/wp-content/uploads/headshots/nba/latest/260x190/1626144.png
202683	Enes Freedom	394.79333333333335	7.8	https://ak-static.cms.nba.com/wp-content/uploads/headshots/nba/latest/260x190/202683.png
202339	Eric Bledsoe	1274.12	-2.0	https://ak-static.cms.nba.com/wp-content/uploads/headshots/nba/latest/260x190/202339.png
201569	Eric Gordon	1206.315	-4.4	https://ak-static.cms.nba.com/wp-content/uploads/headshots/nba/latest/260x190/201569.png
1629672	Eric Paschall	429.03	1.5	https://ak-static.cms.nba.com/wp-content/uploads/headshots/nba/latest/260x190/1629672.png
1630647	Eugene Omoruyi	17.816666666666666	11.9	https://ak-static.cms.nba.com/wp-content/uploads/headshots/nba/latest/260x190/1630647.png
203095	Evan Fournier	1346.035	-5.1	https://ak-static.cms.nba.com/wp-content/uploads/headshots/nba/latest/260x190/203095.png
1630596	Evan Mobley	1409.8383333333334	4.5	https://ak-static.cms.nba.com/wp-content/uploads/headshots/nba/latest/260x190/1630596.png
1630267	Facundo Campazzo	998.5883333333334	-11.3	https://ak-static.cms.nba.com/wp-content/uploads/headshots/nba/latest/260x190/1630267.png
1628402	Frank Jackson	762.81	-7.8	https://ak-static.cms.nba.com/wp-content/uploads/headshots/nba/latest/260x190/1628402.png
1626163	Frank Kaminsky	180.93833333333333	9.6	https://ak-static.cms.nba.com/wp-content/uploads/headshots/nba/latest/260x190/1626163.png
1628373	Frank Ntilikina	492.36833333333334	5.8	https://ak-static.cms.nba.com/wp-content/uploads/headshots/nba/latest/260x190/1628373.png
1630532	Franz Wagner	1589.805	-6.5	https://ak-static.cms.nba.com/wp-content/uploads/headshots/nba/latest/260x190/1630532.png
1627832	Fred VanVleet	1566.5733333333333	4.2	https://ak-static.cms.nba.com/wp-content/uploads/headshots/nba/latest/260x190/1627832.png
1630273	Freddie Gillespie	118.685	-13.6	https://ak-static.cms.nba.com/wp-content/uploads/headshots/nba/latest/260x190/1630273.png
1627788	Furkan Korkmaz	1050.6183333333333	1.2	https://ak-static.cms.nba.com/wp-content/uploads/headshots/nba/latest/260x190/1627788.png
1629216	Gabe Vincent	890.41	6.0	https://ak-static.cms.nba.com/wp-content/uploads/headshots/nba/latest/260x190/1629216.png
1630466	Gabriel Deck	55.605	-13.6	https://ak-static.cms.nba.com/wp-content/uploads/headshots/nba/latest/260x190/1630466.png
202066	Garrett Temple	886.745	-15.7	https://ak-static.cms.nba.com/wp-content/uploads/headshots/nba/latest/260x190/202066.png
1629726	Garrison Mathews	854.0033333333333	-3.1	https://ak-static.cms.nba.com/wp-content/uploads/headshots/nba/latest/260x190/1629726.png
1629109	Gary Clark	160.28	-17.3	https://ak-static.cms.nba.com/wp-content/uploads/headshots/nba/latest/260x190/1629109.png
203914	Gary Harris	1220.1966666666667	-9.0	https://ak-static.cms.nba.com/wp-content/uploads/headshots/nba/latest/260x190/203914.png
1627780	Gary Payton II	749.2133333333334	10.6	https://ak-static.cms.nba.com/wp-content/uploads/headshots/nba/latest/260x190/1627780.png
1629018	Gary Trent Jr.	1251.0116666666668	3.5	https://ak-static.cms.nba.com/wp-content/uploads/headshots/nba/latest/260x190/1629018.png
201588	George Hill	1028.93	14.5	https://ak-static.cms.nba.com/wp-content/uploads/headshots/nba/latest/260x190/201588.png
1628994	George King	19.161666666666665	-62.2	https://ak-static.cms.nba.com/wp-content/uploads/headshots/nba/latest/260x190/1628994.png
1627777	Georges Niang	990.4133333333333	4.1	https://ak-static.cms.nba.com/wp-content/uploads/headshots/nba/latest/260x190/1627777.png
1630686	Georgios Kalaitzakis	47.795	-45.2	https://ak-static.cms.nba.com/wp-content/uploads/headshots/nba/latest/260x190/1630686.png
203507	Giannis Antetokounmpo	1305.0183333333334	8.4	https://ak-static.cms.nba.com/wp-content/uploads/headshots/nba/latest/260x190/203507.png
1629048	Goga Bitadze	310.43333333333334	-1.7	https://ak-static.cms.nba.com/wp-content/uploads/headshots/nba/latest/260x190/1629048.png
201609	Goran Dragic	89.74833333333333	-11.5	https://ak-static.cms.nba.com/wp-content/uploads/headshots/nba/latest/260x190/201609.png
202330	Gordon Hayward	1489.8116666666667	0.5	https://ak-static.cms.nba.com/wp-content/uploads/headshots/nba/latest/260x190/202330.png
203476	Gorgui Dieng	312.665	-6.8	https://ak-static.cms.nba.com/wp-content/uploads/headshots/nba/latest/260x190/203476.png
1629684	Grant Williams	1004.7316666666667	1.6	https://ak-static.cms.nba.com/wp-content/uploads/headshots/nba/latest/260x190/1629684.png
1628960	Grayson Allen	1152.3683333333333	4.5	https://ak-static.cms.nba.com/wp-content/uploads/headshots/nba/latest/260x190/1628960.png
1630535	Greg Brown III	92.63333333333334	-26.3	https://ak-static.cms.nba.com/wp-content/uploads/headshots/nba/latest/260x190/1630535.png
202328	Greg Monroe	80.745	1.2	https://ak-static.cms.nba.com/wp-content/uploads/headshots/nba/latest/260x190/202328.png
1628977	Hamidou Diallo	905.8016666666666	-6.5	https://ak-static.cms.nba.com/wp-content/uploads/headshots/nba/latest/260x190/1628977.png
203084	Harrison Barnes	1509.3233333333333	-8.2	https://ak-static.cms.nba.com/wp-content/uploads/headshots/nba/latest/260x190/203084.png
202355	Hassan Whiteside	656.25	8.9	https://ak-static.cms.nba.com/wp-content/uploads/headshots/nba/latest/260x190/202355.png
1629755	Hassani Gravett	171.095	-1.8	https://ak-static.cms.nba.com/wp-content/uploads/headshots/nba/latest/260x190/1629755.png
1629312	Haywood Highsmith	41.57666666666667	-16.4	https://ak-static.cms.nba.com/wp-content/uploads/headshots/nba/latest/260x190/1629312.png
1630529	Herbert Jones	1297.6516666666666	2.1	https://ak-static.cms.nba.com/wp-content/uploads/headshots/nba/latest/260x190/1630529.png
1629649	Ignas Brazdeikis	192.97	-2.2	https://ak-static.cms.nba.com/wp-content/uploads/headshots/nba/latest/260x190/1629649.png
1630193	Immanuel Quickley	1007.935	8.7	https://ak-static.cms.nba.com/wp-content/uploads/headshots/nba/latest/260x190/1630193.png
1629067	Isaac Bonga	66.27166666666666	-25.6	https://ak-static.cms.nba.com/wp-content/uploads/headshots/nba/latest/260x190/1629067.png
1630171	Isaac Okoro	966.2333333333333	5.8	https://ak-static.cms.nba.com/wp-content/uploads/headshots/nba/latest/260x190/1630171.png
1628392	Isaiah Hartenstein	573.3166666666667	10.4	https://ak-static.cms.nba.com/wp-content/uploads/headshots/nba/latest/260x190/1628392.png
1630543	Isaiah Jackson	132.37333333333333	-8.5	https://ak-static.cms.nba.com/wp-content/uploads/headshots/nba/latest/260x190/1630543.png
1630198	Isaiah Joe	409.99	-0.1	https://ak-static.cms.nba.com/wp-content/uploads/headshots/nba/latest/260x190/1630198.png
1630587	Isaiah Livers	4.683333333333334	-18.2	https://ak-static.cms.nba.com/wp-content/uploads/headshots/nba/latest/260x190/1630587.png
1629676	Isaiah Roby	246.05833333333334	-2.8	https://ak-static.cms.nba.com/wp-content/uploads/headshots/nba/latest/260x190/1629676.png
1630191	Isaiah Stewart	982.66	-13.4	https://ak-static.cms.nba.com/wp-content/uploads/headshots/nba/latest/260x190/1630191.png
202738	Isaiah Thomas	114.25333333333333	-10.6	https://ak-static.cms.nba.com/wp-content/uploads/headshots/nba/latest/260x190/202738.png
1630225	Isaiah Todd	35.38333333333333	19.1	https://ak-static.cms.nba.com/wp-content/uploads/headshots/nba/latest/260x190/1630225.png
202397	Ish Smith	435.745	-4.5	https://ak-static.cms.nba.com/wp-content/uploads/headshots/nba/latest/260x190/202397.png
1630688	Ish Wainright	144.34833333333333	11.8	https://ak-static.cms.nba.com/wp-content/uploads/headshots/nba/latest/260x190/1630688.png
1627826	Ivica Zubac	1121.1366666666668	-5.2	https://ak-static.cms.nba.com/wp-content/uploads/headshots/nba/latest/260x190/1627826.png
1630550	JT Thor	124.98	1.4	https://ak-static.cms.nba.com/wp-content/uploads/headshots/nba/latest/260x190/1630550.png
1629630	Ja Morant	1221.01	1.1	https://ak-static.cms.nba.com/wp-content/uploads/headshots/nba/latest/260x190/1629630.png
203210	JaMychal Green	522.8283333333334	-10.7	https://ak-static.cms.nba.com/wp-content/uploads/headshots/nba/latest/260x190/203210.png
1630605	JaQuori McLaughlin	10.9	-34.6	https://ak-static.cms.nba.com/wp-content/uploads/headshots/nba/latest/260x190/1630605.png
201580	JaVale McGee	682.99	9.2	https://ak-static.cms.nba.com/wp-content/uploads/headshots/nba/latest/260x190/201580.png
203953	Jabari Parker	112.455	-0.8	https://ak-static.cms.nba.com/wp-content/uploads/headshots/nba/latest/260x190/203953.png
1630183	Jaden McDaniels	1125.375	-2.5	https://ak-static.cms.nba.com/wp-content/uploads/headshots/nba/latest/260x190/1630183.png
1630531	Jaden Springer	5.633333333333334	-72.4	https://ak-static.cms.nba.com/wp-content/uploads/headshots/nba/latest/260x190/1630531.png
203109	Jae Crowder	1096.255	9.8	https://ak-static.cms.nba.com/wp-content/uploads/headshots/nba/latest/260x190/203109.png
1630256	Jae'Sean Tate	1243.265	-9.6	https://ak-static.cms.nba.com/wp-content/uploads/headshots/nba/latest/260x190/1630256.png
1630186	Jahmi'us Ramsey	102.57	-0.8	https://ak-static.cms.nba.com/wp-content/uploads/headshots/nba/latest/260x190/1630186.png
1630693	Jaime Echenique	3.066666666666667	-30.0	https://ak-static.cms.nba.com/wp-content/uploads/headshots/nba/latest/260x190/1630693.png
1627774	Jake Layman	158.69833333333332	-11.7	https://ak-static.cms.nba.com/wp-content/uploads/headshots/nba/latest/260x190/1627774.png
1627751	Jakob Poeltl	1189.9683333333332	2.3	https://ak-static.cms.nba.com/wp-content/uploads/headshots/nba/latest/260x190/1627751.png
1628973	Jalen Brunson	1503.0116666666668	3.1	https://ak-static.cms.nba.com/wp-content/uploads/headshots/nba/latest/260x190/1628973.png
1630224	Jalen Green	987.3183333333334	-17.9	https://ak-static.cms.nba.com/wp-content/uploads/headshots/nba/latest/260x190/1630224.png
1630552	Jalen Johnson	55.843333333333334	-13.2	https://ak-static.cms.nba.com/wp-content/uploads/headshots/nba/latest/260x190/1630552.png
1629667	Jalen McDaniels	685.365	2.9	https://ak-static.cms.nba.com/wp-content/uploads/headshots/nba/latest/260x190/1629667.png
1630188	Jalen Smith	323.97833333333335	13.4	https://ak-static.cms.nba.com/wp-content/uploads/headshots/nba/latest/260x190/1630188.png
1630591	Jalen Suggs	785.9283333333333	-6.8	https://ak-static.cms.nba.com/wp-content/uploads/headshots/nba/latest/260x190/1630591.png
1630547	James Bouknight	222.36833333333334	-5.8	https://ak-static.cms.nba.com/wp-content/uploads/headshots/nba/latest/260x190/1630547.png
203516	James Ennis III	55.6	0.9	https://ak-static.cms.nba.com/wp-content/uploads/headshots/nba/latest/260x190/203516.png
201935	James Harden	1553.0866666666666	1.6	https://ak-static.cms.nba.com/wp-content/uploads/headshots/nba/latest/260x190/201935.png
201949	James Johnson	595.6833333333333	-0.3	https://ak-static.cms.nba.com/wp-content/uploads/headshots/nba/latest/260x190/201949.png
1630691	Jamorko Pickett	46.70166666666667	-24.1	https://ak-static.cms.nba.com/wp-content/uploads/headshots/nba/latest/260x190/1630691.png
1630215	Jared Butler	130.73833333333334	-4.1	https://ak-static.cms.nba.com/wp-content/uploads/headshots/nba/latest/260x190/1630215.png
1629607	Jared Harper	10.483333333333333	0.0	https://ak-static.cms.nba.com/wp-content/uploads/headshots/nba/latest/260x190/1629607.png
1628991	Jaren Jackson Jr.	1360.765	5.9	https://ak-static.cms.nba.com/wp-content/uploads/headshots/nba/latest/260x190/1628991.png
1629020	Jarred Vanderbilt	1093.6683333333333	7.6	https://ak-static.cms.nba.com/wp-content/uploads/headshots/nba/latest/260x190/1629020.png
1628386	Jarrett Allen	1341.9016666666666	6.0	https://ak-static.cms.nba.com/wp-content/uploads/headshots/nba/latest/260x190/1628386.png
1629633	Jarrett Culver	223.83166666666668	6.3	https://ak-static.cms.nba.com/wp-content/uploads/headshots/nba/latest/260x190/1629633.png
1629600	Jarron Cumberland	12.316666666666666	40.2	https://ak-static.cms.nba.com/wp-content/uploads/headshots/nba/latest/260x190/1629600.png
1629602	Javin DeLaurier	2.8	57.1	https://ak-static.cms.nba.com/wp-content/uploads/headshots/nba/latest/260x190/1629602.png
1629750	Javonte Green	692.1566666666666	7.7	https://ak-static.cms.nba.com/wp-content/uploads/headshots/nba/latest/260x190/1629750.png
1630606	Javonte Smart	159.94	-9.3	https://ak-static.cms.nba.com/wp-content/uploads/headshots/nba/latest/260x190/1630606.png
1629637	Jaxson Hayes	500.97333333333336	-5.5	https://ak-static.cms.nba.com/wp-content/uploads/headshots/nba/latest/260x190/1629637.png
1630643	Jay Huff	20.25	36.5	https://ak-static.cms.nba.com/wp-content/uploads/headshots/nba/latest/260x190/1630643.png
1630206	Jay Scrubb	113.41166666666666	5.9	https://ak-static.cms.nba.com/wp-content/uploads/headshots/nba/latest/260x190/1630206.png
1627759	Jaylen Brown	1204.305	5.8	https://ak-static.cms.nba.com/wp-content/uploads/headshots/nba/latest/260x190/1627759.png
1629658	Jaylen Hoard	1.8333333333333333	-100.0	https://ak-static.cms.nba.com/wp-content/uploads/headshots/nba/latest/260x190/1629658.png
1628537	Jaylen Morris	16.033333333333335	22.9	https://ak-static.cms.nba.com/wp-content/uploads/headshots/nba/latest/260x190/1628537.png
1629669	Jaylen Nowell	470.7183333333333	-0.9	https://ak-static.cms.nba.com/wp-content/uploads/headshots/nba/latest/260x190/1629669.png
1629873	Jaysean Paige	6.616666666666666	-69.6	https://ak-static.cms.nba.com/wp-content/uploads/headshots/nba/latest/260x190/1629873.png
1628369	Jayson Tatum	1646.6983333333333	6.1	https://ak-static.cms.nba.com/wp-content/uploads/headshots/nba/latest/260x190/1628369.png
1630288	Jeff Dowtin	30.7	17.1	https://ak-static.cms.nba.com/wp-content/uploads/headshots/nba/latest/260x190/1630288.png
201145	Jeff Green	1084.5083333333334	0.7	https://ak-static.cms.nba.com/wp-content/uploads/headshots/nba/latest/260x190/201145.png
1629203	Jemerrio Jones	14.716666666666667	-38.0	https://ak-static.cms.nba.com/wp-content/uploads/headshots/nba/latest/260x190/1629203.png
203924	Jerami Grant	796.6516666666666	-12.0	https://ak-static.cms.nba.com/wp-content/uploads/headshots/nba/latest/260x190/203924.png
1630526	Jeremiah Robinson-Earl	992.0083333333333	-10.3	https://ak-static.cms.nba.com/wp-content/uploads/headshots/nba/latest/260x190/1630526.png
203087	Jeremy Lamb	524.0783333333334	2.7	https://ak-static.cms.nba.com/wp-content/uploads/headshots/nba/latest/260x190/203087.png
1630579	Jericho Sims	90.75666666666666	4.8	https://ak-static.cms.nba.com/wp-content/uploads/headshots/nba/latest/260x190/1630579.png
1628975	Jevon Carter	421.6816666666667	-1.3	https://ak-static.cms.nba.com/wp-content/uploads/headshots/nba/latest/260x190/1628975.png
202710	Jimmy Butler	1000.1816666666666	4.2	https://ak-static.cms.nba.com/wp-content/uploads/headshots/nba/latest/260x190/202710.png
1629111	Jock Landale	316.3516666666667	2.1	https://ak-static.cms.nba.com/wp-content/uploads/headshots/nba/latest/260x190/1629111.png
203925	Joe Harris	422.7083333333333	1.1	https://ak-static.cms.nba.com/wp-content/uploads/headshots/nba/latest/260x190/203925.png
204060	Joe Ingles	1088.2183333333332	8.4	https://ak-static.cms.nba.com/wp-content/uploads/headshots/nba/latest/260x190/204060.png
2207	Joe Johnson	1.95	-100.0	https://ak-static.cms.nba.com/wp-content/uploads/headshots/nba/latest/260x190/2207.png
1630580	Joe Wieskamp	76.78333333333333	-3.1	https://ak-static.cms.nba.com/wp-content/uploads/headshots/nba/latest/260x190/1630580.png
1630555	Joel Ayayi	20.216666666666665	12.2	https://ak-static.cms.nba.com/wp-content/uploads/headshots/nba/latest/260x190/1630555.png
203954	Joel Embiid	1181.6866666666667	7.4	https://ak-static.cms.nba.com/wp-content/uploads/headshots/nba/latest/260x190/203954.png
1628381	John Collins	1342.6433333333334	1.4	https://ak-static.cms.nba.com/wp-content/uploads/headshots/nba/latest/260x190/1628381.png
1629723	John Konchar	763.2583333333333	-0.8	https://ak-static.cms.nba.com/wp-content/uploads/headshots/nba/latest/260x190/1629723.png
1630257	Jon Teske	7.741666666666666	-7.1	https://ak-static.cms.nba.com/wp-content/uploads/headshots/nba/latest/260x190/1630257.png
202685	Jonas Valanciunas	1358.91	-0.5	https://ak-static.cms.nba.com/wp-content/uploads/headshots/nba/latest/260x190/202685.png
1630228	Jonathan Kuminga	430.0466666666667	3.7	https://ak-static.cms.nba.com/wp-content/uploads/headshots/nba/latest/260x190/1630228.png
1628395	Jordan Bell	2.0166666666666666	25.0	https://ak-static.cms.nba.com/wp-content/uploads/headshots/nba/latest/260x190/1628395.png
203903	Jordan Clarkson	1267.955	7.9	https://ak-static.cms.nba.com/wp-content/uploads/headshots/nba/latest/260x190/203903.png
1630692	Jordan Goodwin	5.933333333333334	-110.0	https://ak-static.cms.nba.com/wp-content/uploads/headshots/nba/latest/260x190/1630692.png
1629162	Jordan McLaughlin	315.62166666666667	-12.2	https://ak-static.cms.nba.com/wp-content/uploads/headshots/nba/latest/260x190/1629162.png
1629670	Jordan Nwora	766.345	-4.4	https://ak-static.cms.nba.com/wp-content/uploads/headshots/nba/latest/260x190/1629670.png
1629673	Jordan Poole	1230.63	8.3	https://ak-static.cms.nba.com/wp-content/uploads/headshots/nba/latest/260x190/1629673.png
1630648	Jordan Schakel	14.233333333333333	21.9	https://ak-static.cms.nba.com/wp-content/uploads/headshots/nba/latest/260x190/1630648.png
1630631	Jose Alvarado	211.72333333333333	7.2	https://ak-static.cms.nba.com/wp-content/uploads/headshots/nba/latest/260x190/1630631.png
1630528	Josh Christopher	644.235	-8.6	https://ak-static.cms.nba.com/wp-content/uploads/headshots/nba/latest/260x190/1630528.png
1630581	Josh Giddey	1293.5883333333334	-10.4	https://ak-static.cms.nba.com/wp-content/uploads/headshots/nba/latest/260x190/1630581.png
1630182	Josh Green	426.24	8.0	https://ak-static.cms.nba.com/wp-content/uploads/headshots/nba/latest/260x190/1630182.png
1628404	Josh Hart	1230.1516666666666	-2.5	https://ak-static.cms.nba.com/wp-content/uploads/headshots/nba/latest/260x190/1628404.png
1628367	Josh Jackson	691.3816666666667	-9.4	https://ak-static.cms.nba.com/wp-content/uploads/headshots/nba/latest/260x190/1628367.png
1629006	Josh Okogie	385.4916666666667	0.8	https://ak-static.cms.nba.com/wp-content/uploads/headshots/nba/latest/260x190/1629006.png
1626196	Josh Richardson	927.485	2.3	https://ak-static.cms.nba.com/wp-content/uploads/headshots/nba/latest/260x190/1626196.png
1630563	Joshua Primo	269.21666666666664	-1.5	https://ak-static.cms.nba.com/wp-content/uploads/headshots/nba/latest/260x190/1630563.png
201950	Jrue Holiday	1206.0516666666667	9.1	https://ak-static.cms.nba.com/wp-content/uploads/headshots/nba/latest/260x190/201950.png
1629308	Juan Toscano-Anderson	704.95	4.1	https://ak-static.cms.nba.com/wp-content/uploads/headshots/nba/latest/260x190/1629308.png
1627823	Juancho Hernangomez	107.82166666666667	-18.1	https://ak-static.cms.nba.com/wp-content/uploads/headshots/nba/latest/260x190/1627823.png
203944	Julius Randle	1657.96	-5.6	https://ak-static.cms.nba.com/wp-content/uploads/headshots/nba/latest/260x190/203944.png
1626147	Justin Anderson	76.88333333333334	27.8	https://ak-static.cms.nba.com/wp-content/uploads/headshots/nba/latest/260x190/1626147.png
1630551	Justin Champagnie	244.25166666666667	9.8	https://ak-static.cms.nba.com/wp-content/uploads/headshots/nba/latest/260x190/1630551.png
203200	Justin Holiday	1223.945	-3.1	https://ak-static.cms.nba.com/wp-content/uploads/headshots/nba/latest/260x190/203200.png
1628382	Justin Jackson	25.35	19.7	https://ak-static.cms.nba.com/wp-content/uploads/headshots/nba/latest/260x190/1628382.png
1629620	Justin Robinson	303.72833333333335	-17.5	https://ak-static.cms.nba.com/wp-content/uploads/headshots/nba/latest/260x190/1629620.png
1626159	Justise Winslow	412.1	0.0	https://ak-static.cms.nba.com/wp-content/uploads/headshots/nba/latest/260x190/1626159.png
203994	Jusuf Nurkic	1230.4083333333333	1.0	https://ak-static.cms.nba.com/wp-content/uploads/headshots/nba/latest/260x190/203994.png
1629752	Juwan Morgan	27.365	-43.1	https://ak-static.cms.nba.com/wp-content/uploads/headshots/nba/latest/260x190/1629752.png
1629644	KZ Okpala	244.07166666666666	2.7	https://ak-static.cms.nba.com/wp-content/uploads/headshots/nba/latest/260x190/1629644.png
1630539	Kai Jones	45.935	-15.2	https://ak-static.cms.nba.com/wp-content/uploads/headshots/nba/latest/260x190/1630539.png
1626157	Karl-Anthony Towns	1382.7666666666667	4.7	https://ak-static.cms.nba.com/wp-content/uploads/headshots/nba/latest/260x190/1626157.png
1626208	Keifer Sykes	281.51666666666665	-2.3	https://ak-static.cms.nba.com/wp-content/uploads/headshots/nba/latest/260x190/1626208.png
1628966	Keita Bates-Diop	673.5383333333333	1.9	https://ak-static.cms.nba.com/wp-content/uploads/headshots/nba/latest/260x190/1628966.png
1629103	Kelan Martin	444.035	-5.2	https://ak-static.cms.nba.com/wp-content/uploads/headshots/nba/latest/260x190/1629103.png
1629640	Keldon Johnson	1383.685	0.9	https://ak-static.cms.nba.com/wp-content/uploads/headshots/nba/latest/260x190/1629640.png
1629833	Keljin Blevins	39.818333333333335	-52.1	https://ak-static.cms.nba.com/wp-content/uploads/headshots/nba/latest/260x190/1629833.png
203482	Kelly Olynyk	270.51666666666665	-1.1	https://ak-static.cms.nba.com/wp-content/uploads/headshots/nba/latest/260x190/203482.png
1626162	Kelly Oubre Jr.	1258.62	1.1	https://ak-static.cms.nba.com/wp-content/uploads/headshots/nba/latest/260x190/1626162.png
202689	Kemba Walker	743.81	-10.5	https://ak-static.cms.nba.com/wp-content/uploads/headshots/nba/latest/260x190/202689.png
1629026	Kenrich Williams	813.3816666666667	3.0	https://ak-static.cms.nba.com/wp-content/uploads/headshots/nba/latest/260x190/1629026.png
203145	Kent Bazemore	418.00166666666667	-8.0	https://ak-static.cms.nba.com/wp-content/uploads/headshots/nba/latest/260x190/203145.png
203484	Kentavious Caldwell-Pope	1329.4683333333332	-4.1	https://ak-static.cms.nba.com/wp-content/uploads/headshots/nba/latest/260x190/203484.png
1630231	Kenyon Martin Jr.	869.31	-5.4	https://ak-static.cms.nba.com/wp-content/uploads/headshots/nba/latest/260x190/1630231.png
1630553	Keon Johnson	134.61166666666668	-0.9	https://ak-static.cms.nba.com/wp-content/uploads/headshots/nba/latest/260x190/1630553.png
1630556	Kessler Edwards	456.05333333333334	2.3	https://ak-static.cms.nba.com/wp-content/uploads/headshots/nba/latest/260x190/1630556.png
201142	Kevin Durant	1313.215	4.5	https://ak-static.cms.nba.com/wp-content/uploads/headshots/nba/latest/260x190/201142.png
1628989	Kevin Huerter	1154.9366666666667	5.4	https://ak-static.cms.nba.com/wp-content/uploads/headshots/nba/latest/260x190/1628989.png
1628995	Kevin Knox II	144.33333333333334	-15.9	https://ak-static.cms.nba.com/wp-content/uploads/headshots/nba/latest/260x190/1628995.png
201567	Kevin Love	883.5366666666666	5.6	https://ak-static.cms.nba.com/wp-content/uploads/headshots/nba/latest/260x190/201567.png
1630698	Kevin Pangos	161.64666666666668	-11.3	https://ak-static.cms.nba.com/wp-content/uploads/headshots/nba/latest/260x190/1630698.png
1629645	Kevin Porter Jr.	961.3816666666667	-7.5	https://ak-static.cms.nba.com/wp-content/uploads/headshots/nba/latest/260x190/1629645.png
1626172	Kevon Looney	995.2833333333333	8.7	https://ak-static.cms.nba.com/wp-content/uploads/headshots/nba/latest/260x190/1626172.png
203920	Khem Birch	483.0233333333333	3.3	https://ak-static.cms.nba.com/wp-content/uploads/headshots/nba/latest/260x190/203920.png
203114	Khris Middleton	1217.535	5.1	https://ak-static.cms.nba.com/wp-content/uploads/headshots/nba/latest/260x190/203114.png
1630165	Killian Hayes	894.9866666666667	-11.4	https://ak-static.cms.nba.com/wp-content/uploads/headshots/nba/latest/260x190/1630165.png
1629681	Killian Tillie	392.05833333333334	5.7	https://ak-static.cms.nba.com/wp-content/uploads/headshots/nba/latest/260x190/1629681.png
1630184	Kira Lewis Jr.	341.14	-14.1	https://ak-static.cms.nba.com/wp-content/uploads/headshots/nba/latest/260x190/1630184.png
202691	Klay Thompson	153.84333333333333	13.5	https://ak-static.cms.nba.com/wp-content/uploads/headshots/nba/latest/260x190/202691.png
204001	Kristaps Porzingis	990.2866666666666	1.6	https://ak-static.cms.nba.com/wp-content/uploads/headshots/nba/latest/260x190/204001.png
203937	Kyle Anderson	853.0266666666666	-3.5	https://ak-static.cms.nba.com/wp-content/uploads/headshots/nba/latest/260x190/203937.png
1629657	Kyle Guy	139.37833333333333	-1.7	https://ak-static.cms.nba.com/wp-content/uploads/headshots/nba/latest/260x190/1629657.png
1628398	Kyle Kuzma	1489.2116666666666	-4.5	https://ak-static.cms.nba.com/wp-content/uploads/headshots/nba/latest/260x190/1628398.png
200768	Kyle Lowry	1333.0033333333333	5.0	https://ak-static.cms.nba.com/wp-content/uploads/headshots/nba/latest/260x190/200768.png
202681	Kyrie Irving	241.94833333333332	11.0	https://ak-static.cms.nba.com/wp-content/uploads/headshots/nba/latest/260x190/202681.png
200746	LaMarcus Aldridge	809.715	3.0	https://ak-static.cms.nba.com/wp-content/uploads/headshots/nba/latest/260x190/200746.png
1630163	LaMelo Ball	1342.8816666666667	0.4	https://ak-static.cms.nba.com/wp-content/uploads/headshots/nba/latest/260x190/1630163.png
1630205	Lamar Stevens	504.51666666666665	-1.4	https://ak-static.cms.nba.com/wp-content/uploads/headshots/nba/latest/260x190/1630205.png
202362	Lance Stephenson	324.49	-2.5	https://ak-static.cms.nba.com/wp-content/uploads/headshots/nba/latest/260x190/202362.png
1629013	Landry Shamet	853.775	6.3	https://ak-static.cms.nba.com/wp-content/uploads/headshots/nba/latest/260x190/1629013.png
204038	Langston Galloway	106.7	-6.6	https://ak-static.cms.nba.com/wp-content/uploads/headshots/nba/latest/260x190/204038.png
1626204	Larry Nance Jr.	858.5166666666667	-1.5	https://ak-static.cms.nba.com/wp-content/uploads/headshots/nba/latest/260x190/1626204.png
1628374	Lauri Markkanen	1147.6466666666668	6.8	https://ak-static.cms.nba.com/wp-content/uploads/headshots/nba/latest/260x190/1628374.png
2544	LeBron James	1319.17	-0.3	https://ak-static.cms.nba.com/wp-content/uploads/headshots/nba/latest/260x190/2544.png
1630195	Leandro Bolmaro	186.045	-8.1	https://ak-static.cms.nba.com/wp-content/uploads/headshots/nba/latest/260x190/1630195.png
1629623	Lindell Wigginton	4.55	-78.0	https://ak-static.cms.nba.com/wp-content/uploads/headshots/nba/latest/260x190/1629623.png
1629022	Lonnie Walker IV	1019.6133333333333	-1.6	https://ak-static.cms.nba.com/wp-content/uploads/headshots/nba/latest/260x190/1629022.png
1628366	Lonzo Ball	1212.345	3.1	https://ak-static.cms.nba.com/wp-content/uploads/headshots/nba/latest/260x190/1628366.png
101150	Lou Williams	478.40166666666664	-1.8	https://ak-static.cms.nba.com/wp-content/uploads/headshots/nba/latest/260x190/101150.png
1629663	Louis King	73.91666666666667	-11.4	https://ak-static.cms.nba.com/wp-content/uploads/headshots/nba/latest/260x190/1629663.png
1629652	Luguentz Dort	1384.1033333333332	-9.8	https://ak-static.cms.nba.com/wp-content/uploads/headshots/nba/latest/260x190/1629652.png
1629029	Luka Doncic	1190.2733333333333	0.0	https://ak-static.cms.nba.com/wp-content/uploads/headshots/nba/latest/260x190/1629029.png
1630568	Luka Garza	326.4816666666667	-7.4	https://ak-static.cms.nba.com/wp-content/uploads/headshots/nba/latest/260x190/1630568.png
1628379	Luke Kennard	1152.1216666666667	2.9	https://ak-static.cms.nba.com/wp-content/uploads/headshots/nba/latest/260x190/1628379.png
1628436	Luke Kornet	17.866666666666667	30.6	https://ak-static.cms.nba.com/wp-content/uploads/headshots/nba/latest/260x190/1628436.png
1630640	MJ Walker	8.393333333333333	-19.5	https://ak-static.cms.nba.com/wp-content/uploads/headshots/nba/latest/260x190/1630640.png
1630644	Mac McClung	2.55	-14.3	https://ak-static.cms.nba.com/wp-content/uploads/headshots/nba/latest/260x190/1630644.png
1630201	Malachi Flynn	265.345	-12.0	https://ak-static.cms.nba.com/wp-content/uploads/headshots/nba/latest/260x190/1630201.png
1627763	Malcolm Brogdon	933.905	2.4	https://ak-static.cms.nba.com/wp-content/uploads/headshots/nba/latest/260x190/1627763.png
1630792	Malcolm Hill	122.49166666666666	-5.2	https://ak-static.cms.nba.com/wp-content/uploads/headshots/nba/latest/260x190/1630792.png
1627736	Malik Beasley	1245.1266666666668	-2.5	https://ak-static.cms.nba.com/wp-content/uploads/headshots/nba/latest/260x190/1627736.png
1630238	Malik Fitts	34.858333333333334	-38.2	https://ak-static.cms.nba.com/wp-content/uploads/headshots/nba/latest/260x190/1630238.png
1628370	Malik Monk	1124.925	3.9	https://ak-static.cms.nba.com/wp-content/uploads/headshots/nba/latest/260x190/1628370.png
1629005	Malik Newman	7.683333333333334	8.3	https://ak-static.cms.nba.com/wp-content/uploads/headshots/nba/latest/260x190/1629005.png
1629603	Mamadi Diakite	81.67333333333333	4.2	https://ak-static.cms.nba.com/wp-content/uploads/headshots/nba/latest/260x190/1629603.png
1630585	Marcus Garrett	128.22833333333332	5.8	https://ak-static.cms.nba.com/wp-content/uploads/headshots/nba/latest/260x190/1630585.png
202694	Marcus Morris Sr.	788.6016666666667	-4.5	https://ak-static.cms.nba.com/wp-content/uploads/headshots/nba/latest/260x190/202694.png
203935	Marcus Smart	1348.4266666666667	6.0	https://ak-static.cms.nba.com/wp-content/uploads/headshots/nba/latest/260x190/203935.png
202693	Markieff Morris	187.39333333333335	9.5	https://ak-static.cms.nba.com/wp-content/uploads/headshots/nba/latest/260x190/202693.png
1630250	Marko Simonovic	35.185	1.2	https://ak-static.cms.nba.com/wp-content/uploads/headshots/nba/latest/260x190/1630250.png
1630210	Markus Howard	118.15333333333334	-2.8	https://ak-static.cms.nba.com/wp-content/uploads/headshots/nba/latest/260x190/1630210.png
1627737	Marquese Chriss	164.05	0.3	https://ak-static.cms.nba.com/wp-content/uploads/headshots/nba/latest/260x190/1627737.png
1628963	Marvin Bagley III	635.8316666666667	-3.8	https://ak-static.cms.nba.com/wp-content/uploads/headshots/nba/latest/260x190/1628963.png
1630222	Mason Jones	8.816666666666666	-18.6	https://ak-static.cms.nba.com/wp-content/uploads/headshots/nba/latest/260x190/1630222.png
203486	Mason Plumlee	993.0866666666667	-0.2	https://ak-static.cms.nba.com/wp-content/uploads/headshots/nba/latest/260x190/203486.png
1629680	Matisse Thybulle	857.8816666666667	1.8	https://ak-static.cms.nba.com/wp-content/uploads/headshots/nba/latest/260x190/1629680.png
1629760	Matt Mooney	1.9333333333333333	-100.0	https://ak-static.cms.nba.com/wp-content/uploads/headshots/nba/latest/260x190/1629760.png
1629744	Matt Thomas	290.19166666666666	0.7	https://ak-static.cms.nba.com/wp-content/uploads/headshots/nba/latest/260x190/1629744.png
203090	Maurice Harkless	583.1733333333333	-4.4	https://ak-static.cms.nba.com/wp-content/uploads/headshots/nba/latest/260x190/203090.png
1629622	Max Strus	883.3833333333333	6.4	https://ak-static.cms.nba.com/wp-content/uploads/headshots/nba/latest/260x190/1629622.png
1628467	Maxi Kleber	841.085	2.5	https://ak-static.cms.nba.com/wp-content/uploads/headshots/nba/latest/260x190/1628467.png
1630593	McKinley Wright IV	8.566666666666666	-61.9	https://ak-static.cms.nba.com/wp-content/uploads/headshots/nba/latest/260x190/1630593.png
1630695	Micah Potter	30.93166666666667	-56.4	https://ak-static.cms.nba.com/wp-content/uploads/headshots/nba/latest/260x190/1630695.png
1629008	Michael Porter Jr.	265.04833333333335	9.8	https://ak-static.cms.nba.com/wp-content/uploads/headshots/nba/latest/260x190/1629008.png
1628969	Mikal Bridges	1612.3366666666666	9.4	https://ak-static.cms.nba.com/wp-content/uploads/headshots/nba/latest/260x190/1628969.png
201144	Mike Conley	1229.965	11.5	https://ak-static.cms.nba.com/wp-content/uploads/headshots/nba/latest/260x190/201144.png
203488	Mike Muscala	526.7966666666666	0.0	https://ak-static.cms.nba.com/wp-content/uploads/headshots/nba/latest/260x190/203488.png
1628970	Miles Bridges	1678.9766666666667	2.3	https://ak-static.cms.nba.com/wp-content/uploads/headshots/nba/latest/260x190/1628970.png
1630540	Miles McBride	148.02666666666667	13.7	https://ak-static.cms.nba.com/wp-content/uploads/headshots/nba/latest/260x190/1630540.png
1629011	Mitchell Robinson	1100.4433333333334	-2.8	https://ak-static.cms.nba.com/wp-content/uploads/headshots/nba/latest/260x190/1629011.png
1629671	Miye Oni	44.18666666666667	-33.3	https://ak-static.cms.nba.com/wp-content/uploads/headshots/nba/latest/260x190/1629671.png
1628964	Mo Bamba	1024.2383333333332	-12.6	https://ak-static.cms.nba.com/wp-content/uploads/headshots/nba/latest/260x190/1628964.png
1628420	Monte Morris	1320.81	7.5	https://ak-static.cms.nba.com/wp-content/uploads/headshots/nba/latest/260x190/1628420.png
1626149	Montrezl Harrell	1003.4283333333333	2.7	https://ak-static.cms.nba.com/wp-content/uploads/headshots/nba/latest/260x190/1626149.png
1629021	Moritz Wagner	486.675	-4.2	https://ak-static.cms.nba.com/wp-content/uploads/headshots/nba/latest/260x190/1629021.png
1629650	Moses Brown	165.22	1.4	https://ak-static.cms.nba.com/wp-content/uploads/headshots/nba/latest/260x190/1629650.png
1630541	Moses Moody	190.07	-2.9	https://ak-static.cms.nba.com/wp-content/uploads/headshots/nba/latest/260x190/1630541.png
1630589	Moses Wright	1.4666666666666666	33.3	https://ak-static.cms.nba.com/wp-content/uploads/headshots/nba/latest/260x190/1630589.png
1628539	Mychal Mulder	195.27166666666668	-12.8	https://ak-static.cms.nba.com/wp-content/uploads/headshots/nba/latest/260x190/1628539.png
1629619	Myles Powell	46.2	-11.9	https://ak-static.cms.nba.com/wp-content/uploads/headshots/nba/latest/260x190/1629619.png
1626167	Myles Turner	1234.7283333333332	-0.3	https://ak-static.cms.nba.com/wp-content/uploads/headshots/nba/latest/260x190/1626167.png
1630230	Naji Marshall	242.00333333333333	-8.7	https://ak-static.cms.nba.com/wp-content/uploads/headshots/nba/latest/260x190/1630230.png
1629642	Nassir Little	1088.3683333333333	-0.9	https://ak-static.cms.nba.com/wp-content/uploads/headshots/nba/latest/260x190/1629642.png
1630207	Nate Hinton	2.4266666666666667	76.2	https://ak-static.cms.nba.com/wp-content/uploads/headshots/nba/latest/260x190/1630207.png
1630233	Nathan Knight	183.68666666666667	2.3	https://ak-static.cms.nba.com/wp-content/uploads/headshots/nba/latest/260x190/1630233.png
1629675	Naz Reid	716.91	-6.8	https://ak-static.cms.nba.com/wp-content/uploads/headshots/nba/latest/260x190/1629675.png
1629674	Neemias Queta	51.80166666666667	-8.8	https://ak-static.cms.nba.com/wp-content/uploads/headshots/nba/latest/260x190/1629674.png
202357	Nemanja Bjelica	739.2233333333334	6.3	https://ak-static.cms.nba.com/wp-content/uploads/headshots/nba/latest/260x190/202357.png
203457	Nerlens Noel	469.30333333333334	-2.3	https://ak-static.cms.nba.com/wp-content/uploads/headshots/nba/latest/260x190/203457.png
1629651	Nic Claxton	459.8983333333333	-1.6	https://ak-static.cms.nba.com/wp-content/uploads/headshots/nba/latest/260x190/1629651.png
1630208	Nick Richards	304.41	-11.3	https://ak-static.cms.nba.com/wp-content/uploads/headshots/nba/latest/260x190/1630208.png
1629638	Nickeil Alexander-Walker	1184.9166666666667	-5.5	https://ak-static.cms.nba.com/wp-content/uploads/headshots/nba/latest/260x190/1629638.png
201587	Nicolas Batum	759.2316666666667	-1.6	https://ak-static.cms.nba.com/wp-content/uploads/headshots/nba/latest/260x190/201587.png
203917	Nik Stauskas	23.705	32.3	https://ak-static.cms.nba.com/wp-content/uploads/headshots/nba/latest/260x190/203917.png
203999	Nikola Jokic	1395.9633333333334	10.2	https://ak-static.cms.nba.com/wp-content/uploads/headshots/nba/latest/260x190/203999.png
202696	Nikola Vucevic	1330.4383333333333	2.4	https://ak-static.cms.nba.com/wp-content/uploads/headshots/nba/latest/260x190/202696.png
1626181	Norman Powell	1181.25	-8.2	https://ak-static.cms.nba.com/wp-content/uploads/headshots/nba/latest/260x190/1626181.png
203658	Norvel Pelle	19.016666666666666	-54.2	https://ak-static.cms.nba.com/wp-content/uploads/headshots/nba/latest/260x190/203658.png
1628384	OG Anunoby	1133.4366666666667	1.6	https://ak-static.cms.nba.com/wp-content/uploads/headshots/nba/latest/260x190/1628384.png
1630167	Obi Toppin	695.6766666666666	10.8	https://ak-static.cms.nba.com/wp-content/uploads/headshots/nba/latest/260x190/1630167.png
1630846	Olivier Sarr	13.618333333333334	-32.4	https://ak-static.cms.nba.com/wp-content/uploads/headshots/nba/latest/260x190/1630846.png
1630209	Omer Yurtseven	547.4083333333333	9.0	https://ak-static.cms.nba.com/wp-content/uploads/headshots/nba/latest/260x190/1630209.png
1630168	Onyeka Okongwu	356.295	6.0	https://ak-static.cms.nba.com/wp-content/uploads/headshots/nba/latest/260x190/1630168.png
1629052	Oshae Brissett	717.9883333333333	-6.0	https://ak-static.cms.nba.com/wp-content/uploads/headshots/nba/latest/260x190/1629052.png
203490	Otto Porter Jr.	887.5166666666667	10.1	https://ak-static.cms.nba.com/wp-content/uploads/headshots/nba/latest/260x190/203490.png
1628408	P.J. Dozier	340.48833333333334	-12.9	https://ak-static.cms.nba.com/wp-content/uploads/headshots/nba/latest/260x190/1628408.png
200782	P.J. Tucker	1183.2983333333334	6.3	https://ak-static.cms.nba.com/wp-content/uploads/headshots/nba/latest/260x190/200782.png
1629023	P.J. Washington	757.2733333333333	3.4	https://ak-static.cms.nba.com/wp-content/uploads/headshots/nba/latest/260x190/1629023.png
1628238	Paris Bass	7.383333333333334	0.7	https://ak-static.cms.nba.com/wp-content/uploads/headshots/nba/latest/260x190/1628238.png
1627783	Pascal Siakam	1217.165	4.4	https://ak-static.cms.nba.com/wp-content/uploads/headshots/nba/latest/260x190/1627783.png
1626192	Pat Connaughton	1302.45	-0.4	https://ak-static.cms.nba.com/wp-content/uploads/headshots/nba/latest/260x190/1626192.png
201976	Patrick Beverley	834.0166666666667	4.4	https://ak-static.cms.nba.com/wp-content/uploads/headshots/nba/latest/260x190/201976.png
1630172	Patrick Williams	124.65333333333334	5.3	https://ak-static.cms.nba.com/wp-content/uploads/headshots/nba/latest/260x190/1630172.png
201988	Patty Mills	1457.0683333333334	6.4	https://ak-static.cms.nba.com/wp-content/uploads/headshots/nba/latest/260x190/201988.png
202331	Paul George	923.7716666666666	1.3	https://ak-static.cms.nba.com/wp-content/uploads/headshots/nba/latest/260x190/202331.png
200794	Paul Millsap	270.0683333333333	-0.6	https://ak-static.cms.nba.com/wp-content/uploads/headshots/nba/latest/260x190/200794.png
1630194	Paul Reed	184.55833333333334	-10.7	https://ak-static.cms.nba.com/wp-content/uploads/headshots/nba/latest/260x190/1630194.png
1628778	Paul Watson	156.20833333333334	-17.9	https://ak-static.cms.nba.com/wp-content/uploads/headshots/nba/latest/260x190/1628778.png
1630202	Payton Pritchard	515.01	-6.3	https://ak-static.cms.nba.com/wp-content/uploads/headshots/nba/latest/260x190/1630202.png
1627822	Petr Cornelie	37.965	5.8	https://ak-static.cms.nba.com/wp-content/uploads/headshots/nba/latest/260x190/1627822.png
1630173	Precious Achiuwa	923.1233333333333	1.4	https://ak-static.cms.nba.com/wp-content/uploads/headshots/nba/latest/260x190/1630173.png
1629656	Quentin Grimes	484.87	-0.2	https://ak-static.cms.nba.com/wp-content/uploads/headshots/nba/latest/260x190/1629656.png
1629683	Quinndary Weatherspoon	15.806666666666667	-39.8	https://ak-static.cms.nba.com/wp-content/uploads/headshots/nba/latest/260x190/1629683.png
1630181	R.J. Hampton	815.2216666666667	-16.0	https://ak-static.cms.nba.com/wp-content/uploads/headshots/nba/latest/260x190/1630181.png
1629628	RJ Barrett	1359.895	-6.8	https://ak-static.cms.nba.com/wp-content/uploads/headshots/nba/latest/260x190/1629628.png
1630612	RJ Nembhard Jr.	42.03333333333333	2.7	https://ak-static.cms.nba.com/wp-content/uploads/headshots/nba/latest/260x190/1630612.png
200765	Rajon Rondo	393.2033333333333	-7.0	https://ak-static.cms.nba.com/wp-content/uploads/headshots/nba/latest/260x190/200765.png
203526	Raul Neto	789.8783333333333	-1.1	https://ak-static.cms.nba.com/wp-content/uploads/headshots/nba/latest/260x190/203526.png
1629730	Rayjon Tucker	29.268333333333334	4.3	https://ak-static.cms.nba.com/wp-content/uploads/headshots/nba/latest/260x190/1629730.png
203493	Reggie Bullock	967.2633333333333	6.5	https://ak-static.cms.nba.com/wp-content/uploads/headshots/nba/latest/260x190/203493.png
202704	Reggie Jackson	1424.8483333333334	-1.2	https://ak-static.cms.nba.com/wp-content/uploads/headshots/nba/latest/260x190/202704.png
1629617	Reggie Perry	40.85	-14.9	https://ak-static.cms.nba.com/wp-content/uploads/headshots/nba/latest/260x190/1629617.png
1626158	Richaun Holmes	825.1166666666667	-5.8	https://ak-static.cms.nba.com/wp-content/uploads/headshots/nba/latest/260x190/1626158.png
201937	Ricky Rubio	970.15	9.1	https://ak-static.cms.nba.com/wp-content/uploads/headshots/nba/latest/260x190/201937.png
1630306	Rob Edwards	10.85	-59.1	https://ak-static.cms.nba.com/wp-content/uploads/headshots/nba/latest/260x190/1630306.png
203496	Robert Covington	1290.4866666666667	-2.0	https://ak-static.cms.nba.com/wp-content/uploads/headshots/nba/latest/260x190/203496.png
1629057	Robert Williams III	1119.0016666666668	5.9	https://ak-static.cms.nba.com/wp-content/uploads/headshots/nba/latest/260x190/1629057.png
1630218	Robert Woodard II	31.16	16.8	https://ak-static.cms.nba.com/wp-content/uploads/headshots/nba/latest/260x190/1630218.png
201577	Robin Lopez	408.95166666666665	-8.1	https://ak-static.cms.nba.com/wp-content/uploads/headshots/nba/latest/260x190/201577.png
203918	Rodney Hood	553.4733333333334	0.8	https://ak-static.cms.nba.com/wp-content/uploads/headshots/nba/latest/260x190/203918.png
203585	Rodney McGruder	282.74666666666667	2.7	https://ak-static.cms.nba.com/wp-content/uploads/headshots/nba/latest/260x190/203585.png
1629641	Romeo Langford	668.1583333333333	-1.2	https://ak-static.cms.nba.com/wp-content/uploads/headshots/nba/latest/260x190/1629641.png
1626220	Royce O'Neale	1419.1333333333334	5.5	https://ak-static.cms.nba.com/wp-content/uploads/headshots/nba/latest/260x190/1626220.png
200752	Rudy Gay	626.2583333333333	9.4	https://ak-static.cms.nba.com/wp-content/uploads/headshots/nba/latest/260x190/200752.png
203497	Rudy Gobert	1364.095	12.1	https://ak-static.cms.nba.com/wp-content/uploads/headshots/nba/latest/260x190/203497.png
1629060	Rui Hachimura	141.39333333333335	-7.2	https://ak-static.cms.nba.com/wp-content/uploads/headshots/nba/latest/260x190/1629060.png
201566	Russell Westbrook	1670.4883333333332	-2.6	https://ak-static.cms.nba.com/wp-content/uploads/headshots/nba/latest/260x190/201566.png
1630240	Saben Lee	399.775	-7.9	https://ak-static.cms.nba.com/wp-content/uploads/headshots/nba/latest/260x190/1630240.png
1630180	Saddiq Bey	1574.0266666666666	-11.3	https://ak-static.cms.nba.com/wp-content/uploads/headshots/nba/latest/260x190/1630180.png
1626155	Sam Dekker	0.9066666666666666	-250.0	https://ak-static.cms.nba.com/wp-content/uploads/headshots/nba/latest/260x190/1626155.png
1630573	Sam Hauser	31.456666666666667	-7.1	https://ak-static.cms.nba.com/wp-content/uploads/headshots/nba/latest/260x190/1630573.png
1630241	Sam Merrill	57.833333333333336	-11.1	https://ak-static.cms.nba.com/wp-content/uploads/headshots/nba/latest/260x190/1630241.png
1630572	Sandro Mamukelashvili	277.95666666666665	-20.5	https://ak-static.cms.nba.com/wp-content/uploads/headshots/nba/latest/260x190/1630572.png
1630583	Santi Aldama	275.0566666666667	2.2	https://ak-static.cms.nba.com/wp-content/uploads/headshots/nba/latest/260x190/1630583.png
1630567	Scottie Barnes	1348.8583333333333	0.3	https://ak-static.cms.nba.com/wp-content/uploads/headshots/nba/latest/260x190/1630567.png
1630575	Scottie Lewis	6.55	-11.8	https://ak-static.cms.nba.com/wp-content/uploads/headshots/nba/latest/260x190/1630575.png
203816	Scotty Hopson	17.733333333333334	-18.4	https://ak-static.cms.nba.com/wp-content/uploads/headshots/nba/latest/260x190/203816.png
1629635	Sekou Doumbouya	16.383333333333333	67.8	https://ak-static.cms.nba.com/wp-content/uploads/headshots/nba/latest/260x190/1629635.png
1628400	Semi Ojeleye	293.33666666666664	-18.2	https://ak-static.cms.nba.com/wp-content/uploads/headshots/nba/latest/260x190/1628400.png
201586	Serge Ibaka	457.14166666666665	-6.1	https://ak-static.cms.nba.com/wp-content/uploads/headshots/nba/latest/260x190/201586.png
203552	Seth Curry	1392.4083333333333	4.6	https://ak-static.cms.nba.com/wp-content/uploads/headshots/nba/latest/260x190/203552.png
1628983	Shai Gilgeous-Alexander	1469.56	-5.5	https://ak-static.cms.nba.com/wp-content/uploads/headshots/nba/latest/260x190/1628983.png
1629003	Shake Milton	668.3016666666666	-0.4	https://ak-static.cms.nba.com/wp-content/uploads/headshots/nba/latest/260x190/1629003.png
1629783	Shaq Buchanan	9.816666666666666	-8.7	https://ak-static.cms.nba.com/wp-content/uploads/headshots/nba/latest/260x190/1629783.png
1627885	Shaquille Harrison	22.583333333333332	-12.4	https://ak-static.cms.nba.com/wp-content/uploads/headshots/nba/latest/260x190/1627885.png
1630536	Sharife Cooper	34.9	-42.2	https://ak-static.cms.nba.com/wp-content/uploads/headshots/nba/latest/260x190/1630536.png
1630219	Skylar Mays	190.00333333333333	-10.7	https://ak-static.cms.nba.com/wp-content/uploads/headshots/nba/latest/260x190/1630219.png
203524	Solomon Hill	139.41333333333333	14.3	https://ak-static.cms.nba.com/wp-content/uploads/headshots/nba/latest/260x190/203524.png
203915	Spencer Dinwiddie	1193.8566666666666	-1.8	https://ak-static.cms.nba.com/wp-content/uploads/headshots/nba/latest/260x190/203915.png
1626169	Stanley Johnson	297.09833333333336	5.0	https://ak-static.cms.nba.com/wp-content/uploads/headshots/nba/latest/260x190/1626169.png
201939	Stephen Curry	1522.5666666666666	13.8	https://ak-static.cms.nba.com/wp-content/uploads/headshots/nba/latest/260x190/201939.png
1628425	Sterling Brown	512.7166666666667	3.2	https://ak-static.cms.nba.com/wp-content/uploads/headshots/nba/latest/260x190/1628425.png
203500	Steven Adams	1190.225	5.8	https://ak-static.cms.nba.com/wp-content/uploads/headshots/nba/latest/260x190/203500.png
1629004	Svi Mykhailiuk	644.875	-7.3	https://ak-static.cms.nba.com/wp-content/uploads/headshots/nba/latest/260x190/1629004.png
204456	T.J. McConnell	580.7283333333334	-5.0	https://ak-static.cms.nba.com/wp-content/uploads/headshots/nba/latest/260x190/204456.png
1629605	Tacko Fall	58.78333333333333	-0.8	https://ak-static.cms.nba.com/wp-content/uploads/headshots/nba/latest/260x190/1629605.png
201959	Taj Gibson	595.6166666666667	3.7	https://ak-static.cms.nba.com/wp-content/uploads/headshots/nba/latest/260x190/201959.png
1629659	Talen Horton-Tucker	852.7083333333334	-1.6	https://ak-static.cms.nba.com/wp-content/uploads/headshots/nba/latest/260x190/1629659.png
1627752	Taurean Prince	537.45	-4.5	https://ak-static.cms.nba.com/wp-content/uploads/headshots/nba/latest/260x190/1627752.png
1629611	Terance Mann	1434.7883333333334	-1.8	https://ak-static.cms.nba.com/wp-content/uploads/headshots/nba/latest/260x190/1629611.png
1629056	Terence Davis	536.3116666666666	4.4	https://ak-static.cms.nba.com/wp-content/uploads/headshots/nba/latest/260x190/1629056.png
203082	Terrence Ross	1008.605	-12.6	https://ak-static.cms.nba.com/wp-content/uploads/headshots/nba/latest/260x190/203082.png
1626179	Terry Rozier	1296.56	0.7	https://ak-static.cms.nba.com/wp-content/uploads/headshots/nba/latest/260x190/1626179.png
1630678	Terry Taylor	15.225	0.8	https://ak-static.cms.nba.com/wp-content/uploads/headshots/nba/latest/260x190/1630678.png
201152	Thaddeus Young	345.975	-2.9	https://ak-static.cms.nba.com/wp-content/uploads/headshots/nba/latest/260x190/201152.png
203648	Thanasis Antetokounmpo	333.79833333333335	-12.6	https://ak-static.cms.nba.com/wp-content/uploads/headshots/nba/latest/260x190/203648.png
1630177	Theo Maledon	285.3466666666667	-13.3	https://ak-static.cms.nba.com/wp-content/uploads/headshots/nba/latest/260x190/1630177.png
1629033	Theo Pinson	105.53	-17.1	https://ak-static.cms.nba.com/wp-content/uploads/headshots/nba/latest/260x190/1629033.png
1628418	Thomas Bryant	101.76666666666667	-4.6	https://ak-static.cms.nba.com/wp-content/uploads/headshots/nba/latest/260x190/1628418.png
204025	Tim Frazier	199.54833333333335	-16.0	https://ak-static.cms.nba.com/wp-content/uploads/headshots/nba/latest/260x190/204025.png
203501	Tim Hardaway Jr.	1245.01	1.3	https://ak-static.cms.nba.com/wp-content/uploads/headshots/nba/latest/260x190/203501.png
1627789	Timothe Luwawu-Cabarrot	434.5733333333333	-5.3	https://ak-static.cms.nba.com/wp-content/uploads/headshots/nba/latest/260x190/1627789.png
202699	Tobias Harris	1333.6116666666667	1.9	https://ak-static.cms.nba.com/wp-content/uploads/headshots/nba/latest/260x190/202699.png
203107	Tomas Satoransky	480.81666666666666	-13.4	https://ak-static.cms.nba.com/wp-content/uploads/headshots/nba/latest/260x190/203107.png
1628396	Tony Bradley	396.9316666666667	6.9	https://ak-static.cms.nba.com/wp-content/uploads/headshots/nba/latest/260x190/1628396.png
203503	Tony Snell	449.71	-12.0	https://ak-static.cms.nba.com/wp-content/uploads/headshots/nba/latest/260x190/203503.png
1628470	Torrey Craig	820.64	-6.4	https://ak-static.cms.nba.com/wp-content/uploads/headshots/nba/latest/260x190/1628470.png
1629027	Trae Young	1485.49	0.8	https://ak-static.cms.nba.com/wp-content/uploads/headshots/nba/latest/260x190/1629027.png
1629309	Trayvon Palmer	16.773333333333333	-33.0	https://ak-static.cms.nba.com/wp-content/uploads/headshots/nba/latest/260x190/1629309.png
1630200	Tre Jones	490.41	-1.1	https://ak-static.cms.nba.com/wp-content/uploads/headshots/nba/latest/260x190/1630200.png
1630544	Tre Mann	583.0066666666667	-8.2	https://ak-static.cms.nba.com/wp-content/uploads/headshots/nba/latest/260x190/1630544.png
1629682	Tremont Waters	50.278333333333336	-17.1	https://ak-static.cms.nba.com/wp-content/uploads/headshots/nba/latest/260x190/1629682.png
1630570	Trendon Watford	223.95666666666668	-16.2	https://ak-static.cms.nba.com/wp-content/uploads/headshots/nba/latest/260x190/1630570.png
1630235	Trent Forrest	388.14166666666665	-0.6	https://ak-static.cms.nba.com/wp-content/uploads/headshots/nba/latest/260x190/1630235.png
1630243	Trevelin Queen	68.955	2.7	https://ak-static.cms.nba.com/wp-content/uploads/headshots/nba/latest/260x190/1630243.png
1630286	Trevon Scott	11.366666666666667	19.4	https://ak-static.cms.nba.com/wp-content/uploads/headshots/nba/latest/260x190/1630286.png
2772	Trevor Ariza	244.68	-6.8	https://ak-static.cms.nba.com/wp-content/uploads/headshots/nba/latest/260x190/2772.png
203504	Trey Burke	280.31166666666667	3.8	https://ak-static.cms.nba.com/wp-content/uploads/headshots/nba/latest/260x190/203504.png
1626168	Trey Lyles	856.525	-5.5	https://ak-static.cms.nba.com/wp-content/uploads/headshots/nba/latest/260x190/1626168.png
1630530	Trey Murphy III	458.96166666666664	-4.0	https://ak-static.cms.nba.com/wp-content/uploads/headshots/nba/latest/260x190/1630530.png
202684	Tristan Thompson	454.50166666666667	-5.1	https://ak-static.cms.nba.com/wp-content/uploads/headshots/nba/latest/260x190/202684.png
1628972	Troy Brown Jr.	602.2083333333334	-6.2	https://ak-static.cms.nba.com/wp-content/uploads/headshots/nba/latest/260x190/1628972.png
1629660	Ty Jerome	591.43	1.7	https://ak-static.cms.nba.com/wp-content/uploads/headshots/nba/latest/260x190/1629660.png
1629076	Tyler Cook	167.23166666666665	-8.8	https://ak-static.cms.nba.com/wp-content/uploads/headshots/nba/latest/260x190/1629076.png
1629788	Tyler Hall	1.9333333333333333	-100.0	https://ak-static.cms.nba.com/wp-content/uploads/headshots/nba/latest/260x190/1629788.png
1629639	Tyler Herro	1282.8316666666667	3.1	https://ak-static.cms.nba.com/wp-content/uploads/headshots/nba/latest/260x190/1629639.png
204020	Tyler Johnson	91.375	-1.9	https://ak-static.cms.nba.com/wp-content/uploads/headshots/nba/latest/260x190/204020.png
1630179	Tyrell Terry	3.05	-6.9	https://ak-static.cms.nba.com/wp-content/uploads/headshots/nba/latest/260x190/1630179.png
1630169	Tyrese Haliburton	1565.72	-6.6	https://ak-static.cms.nba.com/wp-content/uploads/headshots/nba/latest/260x190/1630169.png
1630178	Tyrese Maxey	1412.4566666666667	1.4	https://ak-static.cms.nba.com/wp-content/uploads/headshots/nba/latest/260x190/1630178.png
1626145	Tyus Jones	949.505	5.2	https://ak-static.cms.nba.com/wp-content/uploads/headshots/nba/latest/260x190/1626145.png
1628962	Udoka Azubuike	53.983333333333334	-22.6	https://ak-static.cms.nba.com/wp-content/uploads/headshots/nba/latest/260x190/1628962.png
2617	Udonis Haslem	51.733333333333334	12.9	https://ak-static.cms.nba.com/wp-content/uploads/headshots/nba/latest/260x190/2617.png
1630586	Usman Garuba	104.7	17.3	https://ak-static.cms.nba.com/wp-content/uploads/headshots/nba/latest/260x190/1630586.png
1630176	Vernon Carey Jr.	16.848333333333333	-60.5	https://ak-static.cms.nba.com/wp-content/uploads/headshots/nba/latest/260x190/1630176.png
1630249	Vit Krejci	9.143333333333333	-5.0	https://ak-static.cms.nba.com/wp-content/uploads/headshots/nba/latest/260x190/1630249.png
1628427	Vlatko Cancar	152.47666666666666	3.9	https://ak-static.cms.nba.com/wp-content/uploads/headshots/nba/latest/260x190/1628427.png
201961	Wayne Ellington	613.9283333333333	-4.7	https://ak-static.cms.nba.com/wp-content/uploads/headshots/nba/latest/260x190/201961.png
1627782	Wayne Selden	19.14	-34.5	https://ak-static.cms.nba.com/wp-content/uploads/headshots/nba/latest/260x190/1627782.png
1628976	Wendell Carter Jr.	1164.5733333333333	-4.7	https://ak-static.cms.nba.com/wp-content/uploads/headshots/nba/latest/260x190/1628976.png
1629117	Wenyen Gabriel	47.583333333333336	2.8	https://ak-static.cms.nba.com/wp-content/uploads/headshots/nba/latest/260x190/1629117.png
1628411	Wes Iwundu	82.21666666666667	-1.4	https://ak-static.cms.nba.com/wp-content/uploads/headshots/nba/latest/260x190/1628411.png
202083	Wesley Matthews	432.42833333333334	14.3	https://ak-static.cms.nba.com/wp-content/uploads/headshots/nba/latest/260x190/202083.png
203115	Will Barton	1340.0566666666666	1.0	https://ak-static.cms.nba.com/wp-content/uploads/headshots/nba/latest/260x190/203115.png
1626161	Willie Cauley-Stein	177.15	6.1	https://ak-static.cms.nba.com/wp-content/uploads/headshots/nba/latest/260x190/1626161.png
1626195	Willy Hernangomez	371.585	-5.0	https://ak-static.cms.nba.com/wp-content/uploads/headshots/nba/latest/260x190/1626195.png
1629875	Xavier Moon	83.41833333333334	-7.8	https://ak-static.cms.nba.com/wp-content/uploads/headshots/nba/latest/260x190/1629875.png
1630270	Xavier Sneed	7.683333333333334	-25.0	https://ak-static.cms.nba.com/wp-content/uploads/headshots/nba/latest/260x190/1630270.png
1630214	Xavier Tillman	505.1166666666667	-3.2	https://ak-static.cms.nba.com/wp-content/uploads/headshots/nba/latest/260x190/1630214.png
1629139	Yuta Watanabe	349.92833333333334	-7.8	https://ak-static.cms.nba.com/wp-content/uploads/headshots/nba/latest/260x190/1629139.png
1630582	Yves Pons	20.708333333333332	-9.1	https://ak-static.cms.nba.com/wp-content/uploads/headshots/nba/latest/260x190/1630582.png
203897	Zach LaVine	1364.5466666666666	2.0	https://ak-static.cms.nba.com/wp-content/uploads/headshots/nba/latest/260x190/203897.png
1630192	Zeke Nnaji	467.545	-2.9	https://ak-static.cms.nba.com/wp-content/uploads/headshots/nba/latest/260x190/1630192.png
1630533	Ziaire Williams	633.5233333333333	-2.5	https://ak-static.cms.nba.com/wp-content/uploads/headshots/nba/latest/260x190/1630533.png
1629597	Zylan Cheatham	5.183333333333334	-106.8	https://ak-static.cms.nba.com/wp-content/uploads/headshots/nba/latest/260x190/1629597.png
